contrast	feature	n	spearman_rho	spearman_p	lenadj_rho	lenadj_p	MW_AsnTop10_p	median_Top10	median_rest	arm
GSE151189_DHA-CTRL_Cam3II_R539T_8.0h	asn_frac	5148	0.061921442002344146	8.747407815762815e-06	0.09445512058436326	1.1162633284618187e-11	0.4481614227192363	0.0044720365	0.0352948699999999	acute
GSE151189_DHA-CTRL_Cam3II_R539T_8.0h_noSchiz	asn_frac	3626	0.0827129229646601	6.116730429729019e-07	0.10360925292971844	4.009726140821932e-10	0.41321870183243836	0.0021069857499999	0.0356181946666667	acute
GSE151189_DHA-CTRL_Cam3II_R539T_8.0h_STAGEADJ	asn_frac	4767	0.043634317621753196	0.0025841521490319683	0.07896535024597685	4.784534353969062e-08	0.26887084303942177	-0.055108747113928325	-0.017064190302403567	acute
GSE151189_DHA-CTRL_Cam3II_R539T_8.0h_STAGEADJ_noSchiz	asn_frac	3245	0.05754154840623016	0.0010406386674144295	0.08202254694031828	2.889942681472108e-06	0.13884094823965568	-0.06154890874881944	-0.016646027477871316	acute
GSE151189_DHA-CTRL_Cam3II_R539T_16.0h	asn_frac	5092	0.07989475492286142	1.137236066748159e-08	0.06250558992982161	8.060927324494109e-06	0.6211684078221343	0.00904963191666655	0.00207768408333335	acute
GSE151189_DHA-CTRL_Cam3II_R539T_16.0h_noSchiz	asn_frac	3586	0.10041270244480822	1.6788551898708674e-09	0.06752015514625115	5.198182021978382e-05	0.3236961056192875	-0.00430204	-0.013283012	acute
GSE151189_DHA-CTRL_Cam3II_R539T_16.0h_STAGEADJ	asn_frac	4721	0.06532391579890463	7.05622751041226e-06	0.05431370212876887	0.00018873455146145232	0.8699541783557101	-0.030148304749099554	-0.03784285977598861	acute
GSE151189_DHA-CTRL_Cam3II_R539T_16.0h_STAGEADJ_noSchiz	asn_frac	3215	0.09081139854336039	2.499328393774904e-07	0.05841733653302187	0.000920170149618051	0.5953986382797799	-0.0507997151705149	-0.05115705173968275	acute
GSE151189_DHA-CTRL_Cam3II_R539T_24.0h	asn_frac	5142	0.06183189131672449	9.122430263333295e-06	0.0330619928078954	0.017746151298754318	0.18217954069624254	0.0356345166666666	0.0226336245	acute
GSE151189_DHA-CTRL_Cam3II_R539T_24.0h_noSchiz	asn_frac	3622	0.06558797327303954	7.80938427202513e-05	0.03360797453506542	0.04312434113281282	0.9184920392092093	-0.0563839396666663	-0.03669409	acute
GSE151189_DHA-CTRL_Cam3II_R539T_24.0h_STAGEADJ	asn_frac	4763	0.018298481796446192	0.20672050850843873	0.01776289683610942	0.22032204946265527	0.7956950242622156	-0.01527016938947361	-0.022811467220013502	acute
GSE151189_DHA-CTRL_Cam3II_R539T_24.0h_STAGEADJ_noSchiz	asn_frac	3243	0.04132667879980907	0.01859547000114161	0.013595894221411072	0.43893827035238087	0.8327382860250888	-0.07827901952346236	-0.06748069032330267	acute
GSE151189_DHA-CTRL_Cam3II_R539T_32.0h	asn_frac	5126	0.03539114882666656	0.011275467495223275	0.020019984941926448	0.15181592352505757	0.848927258800227	0.0059514867499999	-0.00396679	acute
GSE151189_DHA-CTRL_Cam3II_R539T_32.0h_noSchiz	asn_frac	3615	0.04512131124210146	0.006660537723268702	0.004459100197521959	0.7886905186794408	0.9722832415709143	-0.0006174129722222501	-0.0025666435	acute
GSE151189_DHA-CTRL_Cam3II_R539T_32.0h_STAGEADJ	asn_frac	4743	0.06574997854716122	5.846245438447601e-06	0.0170719243340635	0.23979087502915464	0.06768900032960891	0.024094002209463228	-0.029894136614617213	acute
GSE151189_DHA-CTRL_Cam3II_R539T_32.0h_STAGEADJ_noSchiz	asn_frac	3232	0.0591858730181507	0.0007615429916214038	0.003950188363175411	0.8223800099038565	0.9447317007082461	-0.04969618377585483	-0.050309901653793676	acute
GSE151189_DHA-CTRL_Cam3II_R539T_40.0h	asn_frac	5123	-0.09993475342129134	7.551998213389653e-13	-0.051119109410410056	0.00025186363044798674	4.070002960206714e-08	-0.0086668321111111	0.07830946853703699	acute
GSE151189_DHA-CTRL_Cam3II_R539T_40.0h_noSchiz	asn_frac	3612	-0.08717462232436968	1.5428937189331354e-07	-0.04487331219945476	0.006990267931178026	7.417851012058124e-06	0.0798177595833333	0.16827246216666658	acute
GSE151189_DHA-CTRL_Cam3II_R539T_40.0h_STAGEADJ	asn_frac	4743	-0.09566456764700056	4.062665990317142e-11	-0.07688003076807232	1.1508427692542861e-07	1.0319955291766212e-05	-0.028613568885701005	0.0422739471073614	acute
GSE151189_DHA-CTRL_Cam3II_R539T_40.0h_STAGEADJ_noSchiz	asn_frac	3232	-0.13647235139940855	6.5943133938777695e-15	-0.08776301485495154	5.819844101110302e-07	7.548165027299205e-05	0.04660302782235618	0.11649386817132441	acute
GSE151189_DHA-CTRL_Cam3II_R539T_48.0h	asn_frac	5108	-0.008886628415287439	0.5254369862436061	-0.0566800094340033	5.0521168520116725e-05	0.9983852893507226	-0.0144671914999999	-0.0264663851666666	acute
GSE151189_DHA-CTRL_Cam3II_R539T_48.0h_noSchiz	asn_frac	3602	-0.009379536946720436	0.57360818672118	-0.05564580586828204	0.0008344556915667738	0.3197905661091963	-0.0639275043333333	-0.0474335129999999	acute
GSE151189_DHA-CTRL_Cam3II_R539T_48.0h_STAGEADJ	asn_frac	4733	-0.05160125098744888	0.0003831448430290192	-0.07184824072254173	7.497259617814477e-07	0.08365032295137938	-0.029874052636927342	-0.012622777569189933	acute
GSE151189_DHA-CTRL_Cam3II_R539T_48.0h_STAGEADJ_noSchiz	asn_frac	3227	-0.037690403607512475	0.03227417900204921	-0.0766301738610871	1.3135915596942323e-05	0.09707794988399125	-0.055004755876250006	-0.023642113491594723	acute
GSE151189_DHA-CTRL_Cam3II_revWT_8.0h	asn_frac	5130	0.06609488711968392	2.1582822550721704e-06	0.007470473494220614	0.5926896857635742	0.00029922874940064073	0.0815255222857143	0.0284214791666666	acute
GSE151189_DHA-CTRL_Cam3II_revWT_8.0h_noSchiz	asn_frac	3610	0.07320975179495516	1.0673094616244922e-05	0.01645563297313082	0.32294070794801866	0.004814826760110898	0.0512543827499999	0.0045017261666666	acute
GSE151189_DHA-CTRL_Cam3II_revWT_8.0h_STAGEADJ	asn_frac	4760	0.016604894087927723	0.2520453865314531	-0.00965018156761666	0.5056455599783343	0.07729057575599313	0.022292754767611108	0.0008080115348647614	acute
GSE151189_DHA-CTRL_Cam3II_revWT_8.0h_STAGEADJ_noSchiz	asn_frac	3240	0.040345945094873985	0.021642720699736204	-0.008322004496585435	0.6358406568685444	0.05255618006661221	0.029296950529495467	-0.004567737587232159	acute
GSE151189_DHA-CTRL_Cam3II_revWT_16.0h	asn_frac	5158	0.0948515018824044	8.737386282451415e-12	0.02966437317708617	0.033136581538796485	0.0036191071632689607	0.0923929179166667	0.03982126954166655	acute
GSE151189_DHA-CTRL_Cam3II_revWT_16.0h_noSchiz	asn_frac	3632	0.1066480499044878	1.1680289583980233e-10	0.032308734921377785	0.05153968440486411	0.061960976715098925	0.01580516380555555	-0.0053067089166666005	acute
GSE151189_DHA-CTRL_Cam3II_revWT_16.0h_STAGEADJ	asn_frac	4772	0.06398410037015734	9.717085696687612e-06	0.01823287436347409	0.2079236019877318	0.0488807473216354	0.04480030834522932	0.008920294573320445	acute
GSE151189_DHA-CTRL_Cam3II_revWT_16.0h_STAGEADJ_noSchiz	asn_frac	3246	0.09104242643643881	2.0382249788551295e-07	0.018599320893516777	0.28943803985236527	0.1368742040684927	-0.002749499364630613	-0.020157087041437663	acute
GSE151189_DHA-CTRL_Cam3II_revWT_24.0h	asn_frac	5129	0.09272828304372488	2.859210769814888e-11	-0.0008336934257744584	0.9524008554519228	3.5211174918803972e-06	0.1408615718333333	0.0150828558333333	acute
GSE151189_DHA-CTRL_Cam3II_revWT_24.0h_noSchiz	asn_frac	3610	0.09894901535243658	2.557387274989977e-09	-0.0021615324882775003	0.8967032002561297	0.0020232110702927647	0.0109579123333333	-0.0878166458333333	acute
GSE151189_DHA-CTRL_Cam3II_revWT_24.0h_STAGEADJ	asn_frac	4753	0.07775096322035412	8.004682296284512e-08	0.004618925996881305	0.7502149415633174	0.0002723401832681518	0.08512272891083722	-0.0015114584230849458	acute
GSE151189_DHA-CTRL_Cam3II_revWT_24.0h_STAGEADJ_noSchiz	asn_frac	3234	0.11638614297907425	3.164803897067743e-11	0.009531331030742139	0.5879335143847646	0.0016725546558852002	0.025772017386573233	-0.08682018463686479	acute
GSE151189_DHA-CTRL_Cam3II_revWT_32.0h	asn_frac	4935	0.04325001838754911	0.0023740675775421336	-0.005685117328909357	0.6896876251595903	0.006493094527406179	0.07804907924999996	-0.0020464405	acute
GSE151189_DHA-CTRL_Cam3II_revWT_32.0h_noSchiz	asn_frac	3466	0.0364650515678386	0.031814208611220175	-0.02038702465444871	0.230165808258005	0.09809153941362166	-0.0101440648333333	-0.0497514318333333	acute
GSE151189_DHA-CTRL_Cam3II_revWT_32.0h_STAGEADJ	asn_frac	4604	0.05254713881354487	0.0003611387336597664	0.0016505168328007904	0.9108536756104904	0.0027966900254202368	0.08053132579087276	-0.0353004077694375	acute
GSE151189_DHA-CTRL_Cam3II_revWT_32.0h_STAGEADJ_noSchiz	asn_frac	3135	0.059457339043310437	0.0008662815147749839	-0.008643383450761427	0.6285502927913751	0.061849927453260296	-0.045974307635360374	-0.08613846936812986	acute
GSE151189_DHA-CTRL_Cam3II_revWT_40.0h	asn_frac	4976	-0.09131240144137254	1.0957543182473274e-10	-0.0539971484001287	0.00013850458058433678	2.7646797435494396e-05	-0.05787972891666665	0.06614557599999996	acute
GSE151189_DHA-CTRL_Cam3II_revWT_40.0h_noSchiz	asn_frac	3494	-0.08804825821713523	1.8600899742115714e-07	-0.06666667635372078	8.025099272337686e-05	0.006238266494300715	0.15195598179999995	0.2480223158333333	acute
GSE151189_DHA-CTRL_Cam3II_revWT_40.0h_STAGEADJ	asn_frac	4647	-0.02501479695795373	0.08818707226190331	-0.055610520445287914	0.00014894393081888154	0.31205562719713453	-0.01778479455880677	0.011321116853475949	acute
GSE151189_DHA-CTRL_Cam3II_revWT_40.0h_STAGEADJ_noSchiz	asn_frac	3165	-0.07294269347539503	3.9998975526602714e-05	-0.06748128852845726	0.00014515444593603185	0.15472435968380258	0.10080702265795148	0.14323552167113457	acute
GSE151189_DHA-CTRL_Cam3II_revWT_48.0h	asn_frac	5149	-0.11254225034650774	5.522041350382787e-16	-0.06706872440798783	1.4582419490981062e-06	2.0880197269427452e-07	-0.0227226901666666	0.053359345833333155	acute
GSE151189_DHA-CTRL_Cam3II_revWT_48.0h_noSchiz	asn_frac	3626	-0.09225040375466018	2.622577502146174e-08	-0.048164958588141425	0.003719760758435238	0.0001437409344207034	0.0134098405555555	0.0684013818333333	acute
GSE151189_DHA-CTRL_Cam3II_revWT_48.0h_STAGEADJ	asn_frac	4768	-0.12241425090392805	2.2041974023151102e-17	-0.07719833369509808	9.440975919041799e-08	8.608440826756707e-07	-0.08386554919690302	-0.012641629290221647	acute
GSE151189_DHA-CTRL_Cam3II_revWT_48.0h_STAGEADJ_noSchiz	asn_frac	3245	-0.11178904396691787	1.7070209635851e-10	-0.06259250892017926	0.0003601272903641345	0.00015220228618406727	-0.05327562364747005	0.001131914218338137	acute
GSE151189_DHA-CTRL_Dd2_C580Y_3.0h	asn_frac	5174	0.0025410503273364995	0.8550057884399074	-0.042501536001860254	0.002229678566251145	1.427140664264026e-05	0.02033690529166665	-0.0201295874999998	acute
GSE151189_DHA-CTRL_Dd2_C580Y_3.0h_noSchiz	asn_frac	3648	0.006895037588620198	0.6771807139867874	-0.03807490835846283	0.02146410160148567	0.013440805668888209	0.0238664423333333	-0.0119091739999999	acute
GSE151189_DHA-CTRL_Dd2_C580Y_3.0h_STAGEADJ	asn_frac	4782	0.010493614854556578	0.4681546734685307	-0.04107670010848063	0.004497334961772099	3.0540218584755446e-07	0.02983704703067318	-0.014285898851432909	acute
GSE151189_DHA-CTRL_Dd2_C580Y_3.0h_STAGEADJ_noSchiz	asn_frac	3256	0.007191670648419298	0.6816487392231044	-0.037280814412966996	0.033402058290273345	0.004839822425838737	0.027729883801261648	-0.009427168071442745	acute
GSE151189_DHA-CTRL_Dd2_C580Y_6.0h	asn_frac	5173	0.09300100973488763	2.0575977119353147e-11	0.05217929755022092	0.000173637836878497	0.031491106177636896	0.03024003511111105	0.003569763	acute
GSE151189_DHA-CTRL_Dd2_C580Y_6.0h_noSchiz	asn_frac	3647	0.09351725085273827	1.5313788904852425e-08	0.047401934804852636	0.004193198176832902	0.3616978508226385	0.010863461095238	-0.0041968546666666	acute
GSE151189_DHA-CTRL_Dd2_C580Y_6.0h_STAGEADJ	asn_frac	4781	0.09051376345874118	3.6153512958117405e-10	0.05386408983315643	0.00019442550990975886	0.10558045315589448	0.015276877898568119	0.0025744382236446107	acute
GSE151189_DHA-CTRL_Dd2_C580Y_6.0h_STAGEADJ_noSchiz	asn_frac	3255	0.0950476297293053	5.543447137070518e-08	0.04991520972991192	0.0043929353779855245	0.5551150906141268	0.005031734337455148	-0.0028836742303127417	acute
GSE151189_DHA-CTRL_Dd2_C580Y_24.0h	asn_frac	5172	0.08736170207497455	3.108384005702964e-10	0.03532901571865581	0.011056046481180347	3.953302618122609e-05	0.0995156368333333	0.0330790868333333	acute
GSE151189_DHA-CTRL_Dd2_C580Y_24.0h_noSchiz	asn_frac	3646	0.08318551207574795	4.906990770037133e-07	0.026769712434750792	0.1060624820232517	0.013562875648258579	0.0288434316	-0.0539756951666667	acute
GSE151189_DHA-CTRL_Dd2_C580Y_24.0h_STAGEADJ	asn_frac	4780	0.0950637833519952	4.5281996173885e-11	0.04355013091378144	0.0025988301626002994	1.5557636885098815e-05	0.09064396961333626	0.008193720733233496	acute
GSE151189_DHA-CTRL_Dd2_C580Y_24.0h_STAGEADJ_noSchiz	asn_frac	3254	0.10724047694953462	8.637230506835636e-10	0.0452014256260822	0.009914692760954988	0.003457144615124944	0.0037804895859283247	-0.08764817124944271	acute
GSE151189_DHA-CTRL_Dd2_C580Y_32.0h	asn_frac	5167	0.06821218655004861	9.212795748105397e-07	0.05789977668005191	3.121318946719724e-05	0.020111009740401607	0.1098302881111111	0.01031035274999995	acute
GSE151189_DHA-CTRL_Dd2_C580Y_32.0h_noSchiz	asn_frac	3641	0.07408978665211628	7.632339595576504e-06	0.04658854996881556	0.0049273221367419455	0.08864525981657433	0.1394288033555556	0.0434156449166666	acute
GSE151189_DHA-CTRL_Dd2_C580Y_32.0h_STAGEADJ	asn_frac	4777	0.12590253825999637	2.4504373895881083e-18	0.07430634485983881	2.7253845317385386e-07	2.68956427874461e-06	0.10783352569607182	-0.03903307365446812	acute
GSE151189_DHA-CTRL_Dd2_C580Y_32.0h_STAGEADJ_noSchiz	asn_frac	3251	0.10866956271375885	5.228370625076548e-10	0.06760026609071218	0.00011463165336302434	0.010568851224057174	0.0639775780747773	-0.05647016605874012	acute
GSE151189_DHA-CTRL_Dd2_C580Y_48.0h	asn_frac	5173	-0.017390534930207747	0.21108714674502804	0.021452059978833142	0.12290033093271611	0.01129134798605792	-0.0282243877777777	0.0252804765	acute
GSE151189_DHA-CTRL_Dd2_C580Y_48.0h_noSchiz	asn_frac	3647	-0.004947240155244065	0.7651955081857631	0.05193189980268455	0.001705523563754694	0.036235905634560944	-0.083117225	-0.03435754516666665	acute
GSE151189_DHA-CTRL_Dd2_C580Y_48.0h_STAGEADJ	asn_frac	4782	-0.09387328955944878	7.81102235437229e-11	0.002249782596651995	0.8763983770496284	5.941107197449183e-07	-0.1270610903526257	-0.02798081050867056	acute
GSE151189_DHA-CTRL_Dd2_C580Y_48.0h_STAGEADJ_noSchiz	asn_frac	3256	-0.05084810335721553	0.0037052138042655103	0.0280444334209056	0.109608784984999	0.0004359191965457981	-0.15589934575012246	-0.05681528703659752	acute
GSE151189_DHA-CTRL_Dd2_R539T_3.0h	asn_frac	5173	0.06595754123580863	2.055132765889657e-06	0.07416671772434122	9.274072512654801e-08	0.021623537987841238	-0.0034760432499999503	0.0318002829999999	acute
GSE151189_DHA-CTRL_Dd2_R539T_3.0h_noSchiz	asn_frac	3647	0.09275433200186248	2.0040509804604775e-08	0.09166361775824199	2.9331319772316282e-08	0.19892939768631834	0.0012465184999999	0.033029562416666644	acute
GSE151189_DHA-CTRL_Dd2_R539T_3.0h_STAGEADJ	asn_frac	4781	0.07487332778832423	2.1831951720315575e-07	0.07959426143791218	3.5714000497475365e-08	0.02805275528382777	-0.015584067596015109	0.017517491187738675	acute
GSE151189_DHA-CTRL_Dd2_R539T_3.0h_STAGEADJ_noSchiz	asn_frac	3255	0.10772643869193413	7.199021436365205e-10	0.10212590649664365	5.233115195232421e-09	0.15667632265507236	-0.011736532501791686	0.019183299964894943	acute
GSE151189_DHA-CTRL_Dd2_R539T_6.0h	asn_frac	5175	0.12226796490673389	1.0785035279802308e-18	0.09296481560064304	2.0763291445404323e-11	0.019841246165156878	0.0309987996666665	0.0175484959999999	acute
GSE151189_DHA-CTRL_Dd2_R539T_6.0h_noSchiz	asn_frac	3649	0.12984907245509547	3.422250011464741e-15	0.09691658714402493	4.457794545593339e-09	0.04041976758201189	0.0311775134999999	0.017099631583333302	acute
GSE151189_DHA-CTRL_Dd2_R539T_6.0h_STAGEADJ	asn_frac	4783	0.12278144049247064	1.5748612914997687e-17	0.0973684451688554	1.4968404491949052e-11	0.027880637669057597	0.006010649184180369	-0.0012233185228681213	acute
GSE151189_DHA-CTRL_Dd2_R539T_6.0h_STAGEADJ_noSchiz	asn_frac	3257	0.13855131546032504	1.9824224335181046e-15	0.10410543587596155	2.5972589317900335e-09	0.055774019552572385	0.011676602497918609	0.0021202791716008543	acute
GSE151189_DHA-CTRL_Dd2_R539T_24.0h	asn_frac	5174	0.12972698305174166	7.344006446396778e-21	0.0855567800168906	7.094731595867615e-10	2.5887733940625354e-08	0.19518274608333336	0.048584895333333294	acute
GSE151189_DHA-CTRL_Dd2_R539T_24.0h_noSchiz	asn_frac	3648	0.13187098664845726	1.2743632003440134e-15	0.08071132239360775	1.0546844330748676e-06	6.489809058516291e-06	0.1419613891111111	-0.0292976673333333	acute
GSE151189_DHA-CTRL_Dd2_R539T_24.0h_STAGEADJ	asn_frac	4782	0.1591962001190878	1.6300631034365787e-28	0.10668717401913559	1.3948227714289125e-13	2.6059383682364694e-10	0.152017324844299	-0.016809614680370594	acute
GSE151189_DHA-CTRL_Dd2_R539T_24.0h_STAGEADJ_noSchiz	asn_frac	3256	0.1823861630873365	9.469589999850127e-26	0.11972611762665453	7.192449258515966e-12	2.726725891186443e-07	0.08170490453669968	-0.11586483012253504	acute
GSE151189_DHA-CTRL_Dd2_R539T_32.0h	asn_frac	5174	-0.009628975616550834	0.4886447654197412	0.0760491145249386	4.3293181827304905e-08	1.5811391838126854e-05	-0.02518434424999995	0.1051832765	acute
GSE151189_DHA-CTRL_Dd2_R539T_32.0h_noSchiz	asn_frac	3648	0.028518395828152545	0.0850272659168487	0.08874941140481178	7.912751463263933e-08	0.004460595126169433	0.1088471259444443	0.1938070380000001	acute
GSE151189_DHA-CTRL_Dd2_R539T_32.0h_STAGEADJ	asn_frac	4782	0.0909057305564252	3.020694849773886e-10	0.0958196123758522	3.143908243329787e-11	0.9977730191247635	-0.04007250228966014	-0.04188139380261503	acute
GSE151189_DHA-CTRL_Dd2_R539T_32.0h_STAGEADJ_noSchiz	asn_frac	3256	0.06592535587824291	0.00016692124770114667	0.10442341947056828	2.3351673899172237e-09	0.1595568065140327	-0.031501728732217786	0.005894933261761062	acute
GSE151189_DHA-CTRL_Dd2_R539T_48.0h	asn_frac	5174	-0.045683261613160234	0.0010128137078360834	0.03161077667884508	0.022978106167440088	1.3307172272482554e-05	-0.0594764984166666	0.0365972348333333	acute
GSE151189_DHA-CTRL_Dd2_R539T_48.0h_noSchiz	asn_frac	3648	-0.03262895874678405	0.048770199066482216	0.06588297139345262	6.827817634053918e-05	7.929969436249113e-05	-0.1319208962222222	-0.0245070583333332	acute
GSE151189_DHA-CTRL_Dd2_R539T_48.0h_STAGEADJ	asn_frac	4782	-0.12111048355194523	4.3228411904078206e-17	0.017453251421212526	0.2275462600171223	5.354121807918912e-12	-0.19039732135813353	-0.0376175992763484	acute
GSE151189_DHA-CTRL_Dd2_R539T_48.0h_STAGEADJ_noSchiz	asn_frac	3256	-0.06868871334574014	8.759833893925744e-05	0.052363166802952145	0.0028005960336682898	4.4964021375767936e-07	-0.2117399179103886	-0.07628397846591803	acute
GSE151189_DHA-CTRL_Dd2_WT_3.0h	asn_frac	5176	0.16463380034214742	8.974611849748178e-33	0.04661186216683716	0.0007951521945399122	1.0791458765292955e-21	0.0419753704583333	-0.0299274805416666	acute
GSE151189_DHA-CTRL_Dd2_WT_3.0h_noSchiz	asn_frac	3649	0.1791578578000141	1.066845365793883e-27	0.05196600193218217	0.001688590215036192	1.1348725755087557e-15	0.0486562606666667	-0.031903542166666646	acute
GSE151189_DHA-CTRL_Dd2_WT_3.0h_STAGEADJ	asn_frac	4784	0.16251413337043294	1.1331912746622402e-29	0.050906064559039704	0.00042772898020677875	2.6484519409043113e-19	0.06034223309735305	-0.012937291427446148	acute
GSE151189_DHA-CTRL_Dd2_WT_3.0h_STAGEADJ_noSchiz	asn_frac	3257	0.18201342898386189	1.172440889419302e-25	0.05802419921644179	0.0009231122708008142	2.424759568279533e-14	0.0695376681313119	-0.012327731781094696	acute
GSE151189_DHA-CTRL_Dd2_WT_6.0h	asn_frac	5173	0.015411059581351746	0.26776838272931197	-0.004203163994857363	0.7624730470815245	0.526872925235487	0.01405414408333335	0.023277378	acute
GSE151189_DHA-CTRL_Dd2_WT_6.0h_noSchiz	asn_frac	3646	0.027681286657532094	0.09468183214740397	0.002899825344550366	0.8610498378613497	0.8351949486053113	0.0071886958333331	0.0140201913333332	acute
GSE151189_DHA-CTRL_Dd2_WT_6.0h_STAGEADJ	asn_frac	4781	0.006398082013664583	0.6582845806341463	-0.006476620466082595	0.6543610126489676	0.5712005543854792	-0.011338147889451729	-0.003977882639437106	acute
GSE151189_DHA-CTRL_Dd2_WT_6.0h_STAGEADJ_noSchiz	asn_frac	3254	0.024860686097024645	0.1562423541279527	0.0019487617433453413	0.9115194024293365	0.9094278528278357	-0.031247643744777773	-0.010522405732603289	acute
GSE151189_DHA-CTRL_Dd2_WT_24.0h	asn_frac	5176	0.09682826463667803	2.9312961642635766e-12	0.029789645334672873	0.032100509112930165	4.283262595370701e-08	0.23837499905555548	0.0457583263333333	acute
GSE151189_DHA-CTRL_Dd2_WT_24.0h_noSchiz	asn_frac	3649	0.09140112312372563	3.18497712716114e-08	0.019562302545848738	0.23744097114040924	0.00014429455465388014	0.1467667721666666	-0.04229646849999995	acute
GSE151189_DHA-CTRL_Dd2_WT_24.0h_STAGEADJ	asn_frac	4784	0.1159655272201387	8.555263964285308e-16	0.04443481839720275	0.0021112835850983784	2.5167303611142683e-09	0.21738977356680006	0.004400616913174761	acute
GSE151189_DHA-CTRL_Dd2_WT_24.0h_STAGEADJ_noSchiz	asn_frac	3257	0.12611328021539334	5.070537784160758e-13	0.04649504992897528	0.007956850465745992	3.1001166184252154e-05	0.08319238181077673	-0.10536606465665806	acute
GSE151189_DHA-CTRL_Dd2_WT_32.0h	asn_frac	5175	0.03043637611534186	0.028560934538711967	0.02587599042632586	0.06269966137723072	0.1892769100189693	0.1444870628492063	0.0857170026666666	acute
GSE151189_DHA-CTRL_Dd2_WT_32.0h_noSchiz	asn_frac	3649	0.04554765174505382	0.00592541648668915	0.015363133021836468	0.3535233354799968	0.1034141680288957	0.3594340316666666	0.21187685133333328	acute
GSE151189_DHA-CTRL_Dd2_WT_32.0h_STAGEADJ	asn_frac	4783	0.11223059642671827	7.006858773564325e-15	0.043702971885863376	0.0025018424738959474	1.4325493117772424e-06	0.2002022602705006	-0.03199324107335069	acute
GSE151189_DHA-CTRL_Dd2_WT_32.0h_STAGEADJ_noSchiz	asn_frac	3257	0.08011047523776559	4.705237055689227e-06	0.031047743401692772	0.07645338035064564	0.0037504426467123695	0.2355722328273056	0.031807180792376155	acute
GSE151189_DHA-CTRL_Dd2_WT_48.0h	asn_frac	5176	0.02298578676224682	0.09822544537727745	0.026347481815152046	0.05803604391103952	0.3477154399447331	0.0878187207777778	0.0700219871666666	acute
GSE151189_DHA-CTRL_Dd2_WT_48.0h_noSchiz	asn_frac	3649	0.04019489603301313	0.015173948900535873	0.04979975400056917	0.0026203339299714985	0.6195350941289723	0.0451637157777777	0.0442086144166666	acute
GSE151189_DHA-CTRL_Dd2_WT_48.0h_STAGEADJ	asn_frac	4784	-0.017326937697959902	0.23083145464343366	0.01041093553094696	0.4715748979016081	0.6797806010036456	-0.042889676843753846	-0.026771310859481638	acute
GSE151189_DHA-CTRL_Dd2_WT_48.0h_STAGEADJ_noSchiz	asn_frac	3257	0.012248538009624521	0.4846872979505592	0.03127652964224439	0.07430883660715791	0.5452591372005784	-0.06390143282915506	-0.0372473713252082	acute
GSE225340_DORM_LATE_vs_Rings	asn_frac	3493	0.08286550896948616	9.382422987503166e-07	0.03183373495489284	0.059940874173569365	0.8111424759790453	0.4858588715794255	0.506059586573774	acute
GSE225340_DORM_LATE_vs_Rings_noSchiz	asn_frac	2542	0.0971112754864374	9.325141410903682e-07	0.030511635163695566	0.1240621400406099	0.16701666010927807	0.5331462768589192	0.412389915706739	acute
GSE225340_DORM_EARLY_vs_Rings	asn_frac	3307	0.21651255530071273	2.2250025002230146e-36	0.11182823357389034	1.1284558292093749e-10	0.0017792962553496898	0.09333780187961116	-0.06873536094937716	acute
GSE225340_DORM_EARLY_vs_Rings_noSchiz	asn_frac	2386	0.24376367792290066	1.2904978013887969e-33	0.12132156226204675	2.764164453555147e-09	0.0006080677207478099	0.09185390001242588	-0.17311597572998894	acute
scRNA_WT_2h_DHAvsDMSO	asn_frac	5326	0.19210477836239728	1.9111042661272068e-45	0.11293234420891071	1.38225457418725e-16	2.0239207273867783e-18	0.27574074751431876	0.17292170024810538	acute
scRNA_WT_2h_DHAvsDMSO_noSchiz	asn_frac	3768	0.17342650963504158	7.900944052058101e-27	0.10800879153539444	2.985804951353479e-11	9.049480500347286e-08	0.22857604975924062	0.1761743488028813	acute
scRNA_580Y_2h_DHAvsDMSO	asn_frac	5326	0.1633358373900055	3.639107918984337e-33	0.07239505757366693	1.2295188878630936e-07	1.5810432893168302e-18	0.32905462892325854	0.17541373754560574	acute
scRNA_580Y_2h_DHAvsDMSO_noSchiz	asn_frac	3768	0.15278463951878918	4.0680487945620344e-21	0.06130303922880191	0.00016633523097972562	2.059377898143312e-12	0.31628016309357676	0.17316283992154968	acute
scRNA_DiD_580YxDHA_2h	asn_frac	5326	0.06652064062755614	1.1805023099334443e-06	0.019913471608120663	0.14620233623058676	0.001030844707271204	0.059388422697678855	0.00844741190246534	acute
scRNA_DiD_580YxDHA_2h_noSchiz	asn_frac	3768	0.07610140881670996	2.916071519768864e-06	0.015912273781198492	0.32881806521222456	8.273118606568154e-05	0.07504010240343373	-2.6696278704108067e-05	acute
scRNA_WT_4h_DHAvsDMSO	asn_frac	5326	0.21469521346157353	1.4096784369856233e-56	0.19182055972314804	2.5876097429346313e-45	7.808951603610583e-40	0.3012469679884937	0.03589299376048949	acute
scRNA_WT_4h_DHAvsDMSO_noSchiz	asn_frac	3768	0.19414791164642453	2.524571598393272e-33	0.18541574873707156	1.7126374415462552e-30	3.635047497253428e-22	0.2140676682610172	0.013512949437711974	acute
scRNA_580Y_4h_DHAvsDMSO	asn_frac	5326	0.11756653213889917	7.448117487613805e-18	0.022627471629493755	0.09870505251339107	1.2680517365489561e-11	0.32955205746098226	0.16872115385519137	acute
scRNA_580Y_4h_DHAvsDMSO_noSchiz	asn_frac	3768	0.09484448494531517	5.438782883049526e-09	0.00852454198817519	0.6009000118181809	1.1218565661144895e-07	0.2401442301225778	0.07329916521048663	acute
scRNA_DiD_580YxDHA_4h	asn_frac	5326	0.021065209346454006	0.12425974520921072	-0.06291256752081632	4.331672108743528e-06	0.5155920226820834	0.04201735281899843	0.076187770025677	acute
scRNA_DiD_580YxDHA_4h_noSchiz	asn_frac	3768	0.02166221384596605	0.18370649777757378	-0.06364809996986988	9.243171721469865e-05	0.9558441246574482	0.023199672824294026	0.018466634525206693	acute
scRNA_WT_6h_DHAvsDMSO	asn_frac	5326	0.0811619117540086	3.000909691571412e-09	0.0407638616013621	0.0029254704200047184	6.97471011098418e-16	0.5833229840437113	0.39781716569285397	acute
scRNA_WT_6h_DHAvsDMSO_noSchiz	asn_frac	3768	0.06322740974984724	0.00010285679129912675	0.033570785725939405	0.039340509650817354	1.7415141865758682e-07	0.49290533844366635	0.3660390693341733	acute
scRNA_580Y_6h_DHAvsDMSO	asn_frac	5326	0.06566665285338145	1.615679358589771e-06	0.015645991400948803	0.25360464980759534	3.528719031331708e-08	0.3420239283545188	0.1067670681029016	acute
scRNA_580Y_6h_DHAvsDMSO_noSchiz	asn_frac	3768	0.04200502194814213	0.009916701157600922	-0.0017156529370807108	0.9161545539531479	8.956549156758544e-05	0.18571397147925417	0.005339993491971562	acute
scRNA_DiD_580YxDHA_6h	asn_frac	5326	0.03707222101513254	0.00681389845770322	0.010018138055367463	0.46480057553865795	0.1963326001022242	-0.28501567685728624	-0.2901555389786541	acute
scRNA_DiD_580YxDHA_6h_noSchiz	asn_frac	3768	0.023814881433979168	0.1438574888053075	-0.003467767690058173	0.8314864013176793	0.1965856368876724	-0.31920955370237714	-0.3611119198294528	acute
Mok2021_Rings_E1_C580Y	asn_frac	2549	-0.1034493084729336	1.6552477862704026e-07	-0.0003336854991122774	0.9865652766146635	0.01849820998096322	-0.0394999999999994	0.06899999999999945	chronic
Mok2021_Rings_E1_R539T	asn_frac	2605	-0.1155802596060656	3.2960668737321786e-09	-0.0017044661494960874	0.9307089508732822	0.0019278421610062497	-0.1169999999999991	-0.062499999999999944	chronic
Mok2021_Rings_E2_C580Y	asn_frac	2191	0.031097469966374934	0.14563180404706505	0.04147504839403063	0.05224659340760876	0.038607868655223684	0.26575000000000015	0.1734999999999997	chronic
Mok2021_Rings_E2_R539T	asn_frac	2205	-0.057435752473423876	0.0069813420873926935	0.008987235280458397	0.6731807395388911	0.279509100308864	0.0067000000000003	0.0289999999999999	chronic
Mok2021_Troph_E1_C580Y	asn_frac	2381	-0.13067377013721096	1.5496677320167736e-10	-0.10357966607677851	4.0798098650927523e-07	7.493489654790453e-08	-0.0999999999999996	-0.0449999999999999	chronic
Mok2021_Troph_E1_R539T	asn_frac	2387	-0.11870463011125672	5.988308807255937e-09	-0.0663756927609887	0.0011753608522719024	1.5756006468295992e-07	-0.1495000000000006	-0.0769999999999999	chronic
Mok2021_Troph_E2_R539T	asn_frac	2034	-0.05711711480784823	0.00998075099368009	0.008890500486307134	0.6886247937828731	0.7497915631284315	0.01599999999999905	0.030500000000000853	chronic
GSE59099_RvsS_preACT	asn_frac	5181	0.0065733976787392765	0.6361856333641907	0.016458810084910062	0.23622083321836929	0.2457539587306995	-0.015865661499999906	-0.013204758874999964	chronic
GSE59099_RvsS_preACT_noSchiz	asn_frac	3652	0.0031617287540501478	0.8485224875637961	0.011433292484250963	0.48974135605741276	0.6586700589387361	-0.0059246057500000615	-0.006747986375000015	chronic
GSE59099_RvsS_Mekong	asn_frac	5181	0.0482711960399796	0.0005095066256583635	0.049224272159530805	0.00039348443124056603	0.792378108886556	-0.015065660500000133	-0.010812593499999967	chronic
GSE59099_RvsS_Mekong_noSchiz	asn_frac	3652	0.04939544023669971	0.00282786578107294	0.04409989664080388	0.0076892314270285665	0.5849844074141443	0.0018864883750000297	-0.0023924224999999633	chronic
GSE226632_dTEinteraction	asn_frac	5282	0.23028800115591236	1.589989971052683e-64	0.12639330157055595	2.950067196811097e-20	1.020380764277569e-15	0.09801826919241412	-0.058521296348396194	other
