contrast	n	median_resp	stage_R2
GSE151189_DHA-CTRL_Cam3II_R539T_8.0h	5078	0.032221890166666656	
GSE151189_DHA-CTRL_Cam3II_R539T_8.0h_STAGEADJ	4767	-0.022322765486603613	3.9952600886628e-05
GSE151189_DHA-CTRL_Cam3II_R539T_16.0h	5023	0.0043742260000001	
GSE151189_DHA-CTRL_Cam3II_R539T_16.0h_STAGEADJ	4721	-0.03725150925718327	0.0008224378084946693
GSE151189_DHA-CTRL_Cam3II_R539T_24.0h	5072	0.02359903899999995	
GSE151189_DHA-CTRL_Cam3II_R539T_24.0h_STAGEADJ	4763	-0.022010490890275528	0.029870704370213774
GSE151189_DHA-CTRL_Cam3II_R539T_32.0h	5056	-0.0025583865833333002	
GSE151189_DHA-CTRL_Cam3II_R539T_32.0h_STAGEADJ	4743	-0.024470166725949687	0.03950342531901996
GSE151189_DHA-CTRL_Cam3II_R539T_40.0h	5053	0.0675630363333332	
GSE151189_DHA-CTRL_Cam3II_R539T_40.0h_STAGEADJ	4743	0.03365165761167638	0.05050999571857495
GSE151189_DHA-CTRL_Cam3II_R539T_48.0h	5038	-0.0243110040833333	
GSE151189_DHA-CTRL_Cam3II_R539T_48.0h_STAGEADJ	4733	-0.014626453631380248	0.028481283300334392
GSE151189_DHA-CTRL_Cam3II_revWT_8.0h	5060	0.03280852508333325	
GSE151189_DHA-CTRL_Cam3II_revWT_8.0h_STAGEADJ	4760	0.002465603922778185	0.042526400008498166
GSE151189_DHA-CTRL_Cam3II_revWT_16.0h	5088	0.04666643533333335	
GSE151189_DHA-CTRL_Cam3II_revWT_16.0h_STAGEADJ	4772	0.01385117551140128	0.01617736576157458
GSE151189_DHA-CTRL_Cam3II_revWT_24.0h	5059	0.0316369578666666	
GSE151189_DHA-CTRL_Cam3II_revWT_24.0h_STAGEADJ	4753	0.009892347927707518	0.02896357925740045
GSE151189_DHA-CTRL_Cam3II_revWT_32.0h	4866	0.0080852105833333	
GSE151189_DHA-CTRL_Cam3II_revWT_32.0h_STAGEADJ	4604	-0.023064024187396094	0.0005309488963145537
GSE151189_DHA-CTRL_Cam3II_revWT_40.0h	4907	0.0543258201666665	
GSE151189_DHA-CTRL_Cam3II_revWT_40.0h_STAGEADJ	4647	0.006749492963792014	0.17759907366867045
GSE151189_DHA-CTRL_Cam3II_revWT_48.0h	5079	0.0443694593333332	
GSE151189_DHA-CTRL_Cam3II_revWT_48.0h_STAGEADJ	4768	-0.019118329108725112	0.0003669186187119644
GSE151189_DHA-CTRL_Dd2_C580Y_3.0h	5104	-0.0144562006666665	
GSE151189_DHA-CTRL_Dd2_C580Y_3.0h_STAGEADJ	4782	-0.009181236565017247	0.0025164143385727478
GSE151189_DHA-CTRL_Dd2_C580Y_6.0h	5103	0.008402955611111	
GSE151189_DHA-CTRL_Dd2_C580Y_6.0h_STAGEADJ	4781	0.005010270354290123	0.0003756352499811877
GSE151189_DHA-CTRL_Dd2_C580Y_24.0h	5102	0.0455935616666666	
GSE151189_DHA-CTRL_Dd2_C580Y_24.0h_STAGEADJ	4780	0.017613745389135096	9.327098407529988e-05
GSE151189_DHA-CTRL_Dd2_C580Y_32.0h	5097	0.0276955866666668	
GSE151189_DHA-CTRL_Dd2_C580Y_32.0h_STAGEADJ	4777	-0.01488857645506498	0.06423356495378785
GSE151189_DHA-CTRL_Dd2_C580Y_48.0h	5103	0.017450604	
GSE151189_DHA-CTRL_Dd2_C580Y_48.0h_STAGEADJ	4782	-0.03507657760607248	0.10006348761090689
GSE151189_DHA-CTRL_Dd2_R539T_3.0h	5103	0.025197364	
GSE151189_DHA-CTRL_Dd2_R539T_3.0h_STAGEADJ	4781	0.013292683918971331	2.9501873102355525e-05
GSE151189_DHA-CTRL_Dd2_R539T_6.0h	5105	0.0191868903888891	
GSE151189_DHA-CTRL_Dd2_R539T_6.0h_STAGEADJ	4783	0.0001526952960518302	0.0009162089794800821
GSE151189_DHA-CTRL_Dd2_R539T_24.0h	5104	0.07310717384259255	
GSE151189_DHA-CTRL_Dd2_R539T_24.0h_STAGEADJ	4782	0.005459452652616464	0.000917259123290104
GSE151189_DHA-CTRL_Dd2_R539T_32.0h	5104	0.0903620840277777	
GSE151189_DHA-CTRL_Dd2_R539T_32.0h_STAGEADJ	4782	-0.04167750815788134	0.2357325954275753
GSE151189_DHA-CTRL_Dd2_R539T_48.0h	5104	0.02379348729166665	
GSE151189_DHA-CTRL_Dd2_R539T_48.0h_STAGEADJ	4782	-0.05136635006978348	0.11261588134101186
GSE151189_DHA-CTRL_Dd2_WT_3.0h	5106	-0.02088099349999965	
GSE151189_DHA-CTRL_Dd2_WT_3.0h_STAGEADJ	4784	-0.005618558657165944	0.0002945095946356169
GSE151189_DHA-CTRL_Dd2_WT_6.0h	5103	0.0227731993333332	
GSE151189_DHA-CTRL_Dd2_WT_6.0h_STAGEADJ	4781	-0.0042859744082940805	0.0008344006148945926
GSE151189_DHA-CTRL_Dd2_WT_24.0h	5106	0.07471329441666655	
GSE151189_DHA-CTRL_Dd2_WT_24.0h_STAGEADJ	4784	0.02668001585873483	0.00047480594010107513
GSE151189_DHA-CTRL_Dd2_WT_32.0h	5105	0.1002275248333333	
GSE151189_DHA-CTRL_Dd2_WT_32.0h_STAGEADJ	4783	-0.015024503174212639	0.13994944149340904
GSE151189_DHA-CTRL_Dd2_WT_48.0h	5106	0.07140882116666665	
GSE151189_DHA-CTRL_Dd2_WT_48.0h_STAGEADJ	4784	-0.02836689949436449	0.017882804707604838
