path	bytes	sha256	exists	note
data/raw/ncbi-datasets/GCF_000002765.6/ncbi_dataset/data/GCF_000002765.6/cds_from_genomic.fna	14379150	d912c122a4e77140d653b31ad0f576c175c48b4b9cb6c18e496889411b6407e4	True	
data/raw/ncbi-datasets/GCF_001601855.1/ncbi_dataset/data/GCF_001601855.1/cds_from_genomic.fna	12595697	0c5cc79e96d4fbd440b5b94b8061006e5d64ba65d4447a890a71aecb92eb8086	True	
data/raw/ncbi-datasets/GCF_001602025.1/ncbi_dataset/data/GCF_001602025.1/cds_from_genomic.fna	12758306	6d84946e497e464243d55e9b6a14ca417d5af944df50e7310b7f3a6c2697a388	True	
data/raw/ncbi-datasets/GCA_900093555.2/ncbi_dataset/data/GCA_900093555.2/cds_from_genomic.fna	14436211	6af65b220a96249d10f948abfd7b2d4e55c764ac711d53591032162d6dc8f1f6	True	
data/raw/ncbi-datasets/GCF_000006355.2/ncbi_dataset/data/GCF_000006355.2/cds_from_genomic.fna	13116965	7ca4da766d28e489c241866a627a0a7a21dd2013e47b7c30bbb9c3b5c4408c97	True	
data/raw/ncbi-datasets/GCF_000321355.1/ncbi_dataset/data/GCF_000321355.1/cds_from_genomic.fna	11306060	b4e44e3c7de866525ba17328916d72cb9f391010b2bc878964ac4dc9c2a0f6d5	True	
data/raw/ncbi-datasets/GCF_001680005.1/ncbi_dataset/data/GCF_001680005.1/cds_from_genomic.fna	13032244	8bece11d15332a0d36e1ed98eb81540e75bd9e0af9736a9c56801a46eb793445	True	
data/raw/ncbi-datasets/GCF_900090045.1/ncbi_dataset/data/GCF_900090045.1/cds_from_genomic.fna	14400031	72d7e7401eddf5054ea4d225b3ae417380e5c98ec1fd59f2bf037fb990d2dba4	True	
data/raw/ncbi-datasets/GCF_900002375.2/ncbi_dataset/data/GCF_900002375.2/cds_from_genomic.fna	11614856	868816ca757c82cdfdeb07c53e270ecd171bcbfbd162bec30622695ec5bd9303	True	
data/raw/ncbi-datasets/GCF_900002385.2/ncbi_dataset/data/GCF_900002385.2/cds_from_genomic.fna	12965724	a374c5d12a53259e098f312987a214924ccd896dde4935128f3eb9a0ed333332	True	
data/raw/ncbi-datasets/GCF_900002335.3/ncbi_dataset/data/GCF_900002335.3/cds_from_genomic.fna	11889130	7b58980ac93f0f748f360885a5a6e0c2202fe6b38455bffbfb7f7912f53391a4	True	
data/raw/ncbi-datasets/GCF_900005765.1/ncbi_dataset/data/GCF_900005765.1/cds_from_genomic.fna	12370845	a42b82cb0dbcc3485f6eeb04f974b05a14eb5df2a7ddb5b16bb90ace96680b2b	True	
data/raw/ncbi-datasets/GCF_000165395.2/ncbi_dataset/data/GCF_000165395.2/cds_from_genomic.fna	7003809	81d4aa62487733cae6ea6303ea3cf423238d2352f4b99a61ff5291e14a469669	True	
data/raw/ncbi-datasets/GCF_000691945.2/ncbi_dataset/data/GCF_000691945.2/cds_from_genomic.fna	5938467	d9152a89eb5f27fc2fc343437320a3d727c5de20ac1cdbb5664b4713b00b63fb	True	
data/raw/ncbi-datasets/GCF_000165365.1/ncbi_dataset/data/GCF_000165365.1/cds_from_genomic.fna	7084891	441a17a9dcf58b66a632aa598dac5ea72e37ccee79a533803552eda4f24e89f2	True	
data/raw/ncbi-datasets/GCF_000006565.2/ncbi_dataset/data/GCF_000006565.2/cds_from_genomic.fna	22682043	fad25342baa01f93c503457ad659f1f92ab5906fa57299cff04a9c34c7947b0e	True	
data/raw/ncbi-datasets/GCA_060229945.1/ncbi_dataset/data/GCA_060229945.1/GCA_060229945.1_ASM6022994v1_genomic.fna	36615732	fa3002551df5513c5e8cebcd4f4f1d87686953207cb6eacb5a7e5cad6c1a85ce	True	
data/raw/ncbi-datasets/GCA_060229965.1/ncbi_dataset/data/GCA_060229965.1/GCA_060229965.1_ASM6022996v1_genomic.fna	34889727	74bf4d58d3881648cc861635b93966ccb6df13c275ef993c1489ca044800b42c	True	
data/derived/WP1/M1-01_composition/M1-01_composition_table.tsv	8838	9a52a2fda4535b61cd22b47c01405e9a140aa03fa50e7335a574468e65c44e13	True	
data/derived/WP1/M1-01_composition/M1-01_dinucleotide.tsv	22351	df6f47fa2eb0f120f0623520920e356389229a326708405c13c6ac376c2d1a34	True	
data/derived/WP1/M1-01_composition/M1-01_homopolymer.tsv	5037	5bce20dc872783e5e466f039553d7856079612e7329e005b16d2b9371a1d9cb7	True	
data/derived/WP1/M1-01_composition/M1-01_compartment_breakdown.tsv	4630	0b24b518b8a9a76b317bf686cea7adc83555c9cceac11ca4d3488f17aa467603	True	
data/derived/WP1/M1-02_phylogeny/M1-02_species_tree.nwk	526	8221f9a1c3616abe687880edb424d59dc55f09bb8c82b29b33076d6bbe2aa5e4	True	
data/derived/WP1/M1-02_phylogeny/M1-02_ancestral_gc.tsv	1169	177ba5ad69728f38d57e798fdc11bc482717ced7b2e4dd77ac29b5b2d7e2c735	True	
data/derived/WP1/M1-02_phylogeny/M1-02_leave_one_clade_out.tsv	958	d1706e0dfd90001e10e90c7a0d1a97ec98229a2be5abe2e9084badc1c5250664	True	
data/derived/WP1/M1-02_phylogeny/params.yaml	278	e80b30e02a155bf633e8c7fad08267d29747f790f4f7252df34dcbd933a07432	True	
data/derived/WP1/M1-03_artifact/M1-03_artifact_table.tsv	3628	2856c28c8e547de7c224d6991e246a2a36e9c5096c5ed65e6880da19806adfdf	True	
data/metadata/frozen_assembly_candidates.tsv	4961	fda45f00573a58f952e7ca7724561b23d2388388a03031d3bb75527bded348ed	True	
data/metadata/species_assembly_audit.tsv	8952	f1ba24856899095a60c6a7e722f22e8392d705fb74773aad774f793baaf3cbb7	True	
data/derived/WP1/M1-01_composition/params.yaml	1160	0174c80029775208c7ccaf889ef53607791d571e03b0cba9995246a18e8abe70	True	
data/derived/WP2/M2-01_codon/params.yaml	6653	79a70c72abd252aea9293ed7188e97690935be06ced690f93acf0d5fc2488141	True	
data/raw/veupathdb/PlasmoDB-71/PlasmoDB-71_Pfalciparum3D7_AnnotatedTranscripts.fasta	19587280	329bbfc2abf9afcf581cf9ffc1894dcc8f2391f8deb8c892723ecb31a9e2886b	True	
data/raw/veupathdb/PlasmoDB-71/PlasmoDB-71_PknowlesiH_AnnotatedTranscripts.fasta	13668250	1c65e62d1715197a288ef7036730d37b9436ceab1a1614a985943b8a2a3a2eb8	True	
data/raw/veupathdb/PlasmoDB-71/PlasmoDB-71_PbergheiANKA_AnnotatedTranscripts.fasta	12254968	149771340ab46d37031c93f89907b61ab3e92b4869ff6419d758ea7fd192e775	True	
