species_id	n_genes_total	n_genes_retained	n_cds_not_div3	n_short_lt150	n_internal_stop	n_partial	n_retained_codons_unmasked	n_retained_codons_masked	n_lcr_codons_total	mean_gc3	median_gc3	ENC_unmasked	ENC_masked	PR2_AT_bias_unmasked	PR2_GC_bias_unmasked	PR2_AT_bias_masked	PR2_GC_bias_masked	genome_gc	gc3_species_m1
SP001	5282	5273	0	4	4	1	4053593	3987042	66551	0.18045131283417307	0.17338709677419356	38.049732917346574	38.04847476256046	0.5358988508918666	0.4739800731426799	0.5361092812814201	0.47321080406582267	0.1934457185627277	0.1738216715850059
SP002	5068	4326	261	32	21	581	3191677	3130675	61002	0.17547381541116264	0.16947287538792075	37.35258546166064	37.334020032435255	0.5353121628910464	0.47805183759344644	0.5356639275595592	0.47685252058356203	0.1859495149416887	0.1695038314776307
SP003	5263	4570	260	17	40	427	3214592	3180814	33778	0.16417883955893753	0.15668202764976957	36.15320789251675	36.14195495892936	0.5385470933897532	0.4502421772094133	0.538560479028862	0.45004322331350965	0.1820834727758324	0.1556608031853145
SP004	6683	6367	61	7	111	162	4181757	4171976	9781	0.49485915463212465	0.5465116279069767	56.20033732273233	56.19988309202745	0.5642522927802816	0.5078024692480224	0.5642607340127999	0.5078319279528639	0.3977864492770924	0.5304764878117778
SP005	5324	5179	40	5	4	136	3814603	3807993	6610	0.45760089286809297	0.45985401459854014	56.12897927233905	56.132558580510505	0.5634470225392684	0.5004325407408927	0.5634204297063236	0.5004046089492998	0.3862208841827124	0.4518084880738898
SP006	5716	4287	199	14	0	1406	2715067	2706779	8288	0.4781197621490259	0.494579945799458	56.651611875624425	56.65275667926457	0.5738803462860772	0.5163060507438617	0.5739450193556429	0.516371741610071	0.4037859696479289	0.4868788048639033
SP007	5516	5432	1	1	0	84	3799150	3795673	3477	0.48524926125335965	0.4932567614266747	56.40131369674869	56.400669825944405	0.5706128682155652	0.5109401771497418	0.5705106743579926	0.5109809751917469	0.3964510935896607	0.4882599314305354
SP008	6140	5939	6	7	174	21	4140574	4097733	42841	0.24973187578311534	0.24573378839590443	44.26748317292843	44.29893618924624	0.546861368588741	0.5518298502676247	0.5479576527830654	0.5520101543086787	0.2438371982251849	0.2591410138248848
SP011	4956	4923	0	5	23	5	3402764	3395920	6844	0.17947340667395928	0.17548226509023024	38.49276981976034	38.49687761735987	0.564130284620105	0.48918265599033084	0.5640655446728876	0.48913684401505875	0.2204289347197997	0.1696873072316247
SP012	6037	6018	0	7	4	8	3785523	3774953	10570	0.17381469042156458	0.17252958646447375	38.01326371257802	38.00748907662002	0.5583813206793095	0.48803890190045124	0.5583405224667467	0.48835992675908974	0.2173844524888822	0.1639311235144873
SP013	5199	5186	0	7	4	2	3486908	3481634	5274	0.19557120716370535	0.18990139264957698	39.54730982828888	39.543310739454924	0.5667050516280188	0.45707865168539324	0.5666869891395327	0.4571088215539419	0.2362111197732971	0.185283237874255
SP014	5158	5042	46	4	29	50	3558369	3538162	20207	0.1502586993105539	0.14775542278075088	35.62658343032587	35.630944210869096	0.5272553315121925	0.4822935790409551	0.5274383767627249	0.4822615510883512	0.1833484642807999	0.1483929978132556
SP015	3959	3956	2	1	0	1	1966680	1966593	87	0.42640931591973247	0.42000956850168847	56.78054468155892	56.78063189187323	0.46181884932081607	0.4750426030374418	0.46181899918518726	0.47504553615358797	0.4160286956708644	0.428387017892383
SP016	3601	3578	2	17	1	3	1581269	1580976	293	0.37182700703744903	0.3704219539874136	54.77140014943772	54.773194280081	0.5145966836851412	0.447648142891259	0.514578734858681	0.447586169599077	0.3616607839477382	0.3834658235679934
SP017	4046	4035	1	10	0	0	1976687	1976100	587	0.3759138808377886	0.3749300503637381	52.326908646314145	52.330367217455304	0.5019427999666473	0.45817804367725906	0.5019333847790268	0.4581890861232481	0.3404445640264728	0.3810297186606541
SP018	8318	8265	25	2	16	14	6652076	6610665	41411	0.5956472647968137	0.5929203539823009	54.56136067123324	54.62365418759652	0.4346985739334399	0.5016997191610203	0.43902968509095885	0.5023742398066778	0.5228760329447381	0.6042806902334761
