species_id	species	base	runs_ge5	bases_in_runs	genome_len	density_per_Mb
SP001	Plasmodium falciparum	A	202898	1442283	23292622	8710.826973451078
SP001	Plasmodium falciparum	T	202773	1439845	23292622	8705.460467267274
SP001	Plasmodium falciparum	G	1816	10055	23292622	77.96460183829883
SP001	Plasmodium falciparum	C	1765	9703	23292622	75.77506731530696
SP002	Plasmodium reichenowi	A	176445	1257356	20501737	8606.34394051587
SP002	Plasmodium reichenowi	T	176105	1253465	20501737	8589.759979849512
SP002	Plasmodium reichenowi	G	1131	6168	20501737	55.16605739308821
SP002	Plasmodium reichenowi	C	1176	6434	20501737	57.36099336363549
SP003	Plasmodium gaboni	A	182712	1307402	20385537	8962.82496752477
SP003	Plasmodium gaboni	T	182558	1302435	20385537	8955.27059208693
SP003	Plasmodium gaboni	G	1111	6002	20385537	54.499422801567604
SP003	Plasmodium gaboni	C	1075	5763	20385537	52.73346490700736
SP004	Plasmodium vivax	A	152900	1020909	29040213	5265.112897071382
SP004	Plasmodium vivax	T	152820	1019396	29040213	5262.358096340409
SP004	Plasmodium vivax	G	44224	254188	29040213	1522.8538440816533
SP004	Plasmodium vivax	C	44363	254639	29040213	1527.640310351718
SP005	Plasmodium knowlesi	A	121333	921876	24395979	4973.483540053875
SP005	Plasmodium knowlesi	T	122035	928939	24395979	5002.2587738741695
SP005	Plasmodium knowlesi	G	24322	139908	24395979	996.9675740416075
SP005	Plasmodium knowlesi	C	24059	138686	24395979	986.1871089493887
SP006	Plasmodium cynomolgi	A	134521	895604	26181343	5138.048113116276
SP006	Plasmodium cynomolgi	T	135735	899793	26181343	5184.417010235114
SP006	Plasmodium cynomolgi	G	32785	186606	26181343	1252.227588172234
SP006	Plasmodium cynomolgi	C	32360	184065	26181343	1235.9946546668748
SP007	Plasmodium coatneyi	A	136798	945105	27685530	4941.137121088164
SP007	Plasmodium coatneyi	T	138182	953519	27685530	4991.127133921583
SP007	Plasmodium coatneyi	G	31850	177513	27685530	1150.4204542950777
SP007	Plasmodium coatneyi	C	32186	179442	27685530	1162.55675798874
SP008	Plasmodium malariae	A	280455	1836542	33612066	8343.878653576368
SP008	Plasmodium malariae	T	282366	1850892	33612066	8400.733236689468
SP008	Plasmodium malariae	G	5614	30716	33612066	167.02335405386864
SP008	Plasmodium malariae	C	5619	30666	33612066	167.17211015829852
SP009	Plasmodium ovale curtisi	A	264872	1710844	36047788	7347.801756934435
SP009	Plasmodium ovale curtisi	T	266038	1715519	36047788	7380.14770836979
SP009	Plasmodium ovale curtisi	G	10418	57235	36047788	289.00525047473093
SP009	Plasmodium ovale curtisi	C	10398	57239	36047788	288.4504314106597
SP010	Plasmodium ovale wallikeri	A	247997	1627284	34379313	7213.553103868015
SP010	Plasmodium ovale wallikeri	T	250873	1645790	34379313	7297.208062301884
SP010	Plasmodium ovale wallikeri	G	11266	62122	34379313	327.69706596522155
SP010	Plasmodium ovale wallikeri	C	11514	63756	34379313	334.9107063308682
SP011	Plasmodium berghei	A	173803	1072983	18777064	9256.132907679284
SP011	Plasmodium berghei	T	172377	1062847	18777064	9180.189192516998
SP011	Plasmodium berghei	G	2101	11384	18777064	111.89182717809345
SP011	Plasmodium berghei	C	2133	11482	18777064	113.596033969954
SP012	Plasmodium yoelii	A	207206	1305112	23078472	8978.324041556996
SP012	Plasmodium yoelii	T	206406	1297388	23078472	8943.659701560831
SP012	Plasmodium yoelii	G	2507	13493	23078472	108.62937546298558
SP012	Plasmodium yoelii	C	2634	14146	23078472	114.13233943737696
SP013	Plasmodium chabaudi chabaudi	A	166655	1019018	18973914	8783.374900929772
SP013	Plasmodium chabaudi chabaudi	T	164579	1006635	18973914	8673.961524227421
SP013	Plasmodium chabaudi chabaudi	G	2348	12361	18973914	123.74884802366027
SP013	Plasmodium chabaudi chabaudi	C	2503	13247	18973914	131.91795851925966
SP014	Plasmodium relictum	A	263513	1751986	22607330	11656.086764779388
SP014	Plasmodium relictum	T	266052	1769239	22607330	11768.395471734168
SP014	Plasmodium relictum	G	692	3677	22607330	30.60954124171231
SP014	Plasmodium relictum	C	784	4194	22607330	34.67901782298042
SP015	Babesia bovis	A	11373	60615	8234832	1381.0846414353077
SP015	Babesia bovis	T	11386	61050	8234832	1382.6633014492584
SP015	Babesia bovis	G	1590	8163	8234832	193.08226324471462
SP015	Babesia bovis	C	1488	7690	8234832	180.69585390448765
SP016	Babesia microti	A	16715	91035	6434485	2597.72149597054
SP016	Babesia microti	T	16609	90335	6434485	2581.247761087329
SP016	Babesia microti	G	1992	10642	6434485	309.5818857297826
SP016	Babesia microti	C	2086	11095	6434485	324.1906694941398
SP017	Theileria parva	A	25557	138746	8347606	3061.59634271191
SP017	Theileria parva	T	26042	140955	8347606	3119.6968328404573
SP017	Theileria parva	G	1076	5480	8347606	128.8992317078693
SP017	Theileria parva	C	1079	5531	8347606	129.25861618289122
SP018	Toxoplasma gondii	A	100562	552738	65668120	1531.367123042353
SP018	Toxoplasma gondii	T	100746	554239	65668120	1534.169091486097
SP018	Toxoplasma gondii	G	39119	211836	65668120	595.707627993614
SP018	Toxoplasma gondii	C	39595	214512	65668120	602.956198532865
