res	wt	time	feature	DiD_unmasked	se	p_unmasked	early_unmasked	q_unmasked	DiD_masked	p_masked	early_masked	q_masked
Dd2_R539T	Dd2_WT	3.0	AAA_AAG_ratio	0.019171096371342	0.0172389620916671	0.2661039693419951	True	0.4545942809592416	0.01955597241988727	0.2556081375309056	True	0.4773513743542614
Dd2_R539T	Dd2_WT	3.0	codon_AAA	0.0007062617435175	0.0006339879285652	0.2652797340181588	True	0.4545942809592416	0.0006787485322694853	0.2787368401216461	True	0.48970483581997987
Dd2_R539T	Dd2_WT	3.0	codon_AAG	6.482747932851432e-05	0.0001366829342246	0.6352924410415679	True	0.7660879436089495	5.6662822713170885e-05	0.6756262439807545	True	0.8147257648003217
Dd2_R539T	Dd2_WT	6.0	AAA_AAG_ratio	0.0093218000928212	0.018036377805614	0.6052725541166502	True	0.8194172748088004	0.009464546313560973	0.5993708537659801	True	0.8005683895527881
Dd2_R539T	Dd2_WT	6.0	codon_AAA	0.0007602835628775	0.0004717901825025	0.1070737028755471	True	0.5077861785742517	0.0007622658888871564	0.10388829056114877	True	0.5024690066587706
Dd2_R539T	Dd2_WT	6.0	codon_AAG	0.0001242506684383	0.0001032063481505	0.228626187158786	True	0.5134587457419678	0.0001238467689202334	0.23285149089064983	True	0.5024690066587706
Dd2_R539T	Dd2_WT	24.0	AAA_AAG_ratio	0.0136067823160184	0.0168256829015969	0.4186927700332912	False	0.4839417579260561	0.013344123963727306	0.42964196035330904	False	0.4893144548468242
Dd2_R539T	Dd2_WT	24.0	codon_AAA	0.0007384963034554	0.0004617618066923	0.1097536488418648	False	0.2128294814799669	0.0007296728531592939	0.10787686167399721	False	0.20569333079444882
Dd2_R539T	Dd2_WT	24.0	codon_AAG	9.863803860024958e-05	6.953143942686331e-05	0.1560125671164496	False	0.2342591319924643	9.777908820398154e-05	0.15830760885153838	False	0.23180757010403835
Dd2_R539T	Dd2_WT	32.0	AAA_AAG_ratio	0.0036003739203849	0.0128903826782568	0.7800092463220093	False	0.8200097204923688	0.0036095763992642915	0.781816664843715	False	0.8219098271433927
Dd2_R539T	Dd2_WT	32.0	codon_AAA	0.0005846786278489	0.0002927518699496	0.0458054666125495	False	0.0816532230919361	0.0005565578838088864	0.054490941189315606	False	0.09713602559834521
Dd2_R539T	Dd2_WT	32.0	codon_AAG	0.0001112807633695	6.351802519281772e-05	0.0797814335667676	False	0.1258091837014412	0.00010491956295876834	0.10243074958003048	False	0.14998788331361607
Dd2_R539T	Dd2_WT	48.0	AAA_AAG_ratio	-0.020786923670232	0.0140879557554546	0.1400754041069169	False	0.2734805508754092	-0.021634264452676355	0.12618416393241624	False	0.24635955815376506
Dd2_R539T	Dd2_WT	48.0	codon_AAA	-7.728050827193744e-05	0.0004830229558314	0.8728862352991061	False	0.975179295114308	-9.833095700870209e-05	0.8359136555636801	False	0.9792131393745968
Dd2_R539T	Dd2_WT	48.0	codon_AAG	8.16059697789015e-05	5.228510171645964e-05	0.1185737325878417	False	0.2430761518050755	8.109539164810609e-05	0.10399407525336336	False	0.24045535009580885
Dd2_C580Y	Dd2_WT	3.0	AAA_AAG_ratio	-0.0069505924211821	0.016173707392805	0.6673801315325483	True	0.8047819233186612	-0.007090353048073261	0.6623276188204186	True	0.798689187401093
Dd2_C580Y	Dd2_WT	3.0	codon_AAA	-0.0005271883488068	0.000574104193284	0.3584723405903395	True	0.569387139455231	-0.0005383187518819138	0.34193237115919595	True	0.5594879836265263
Dd2_C580Y	Dd2_WT	3.0	codon_AAG	-8.368631561773629e-05	0.000147168756979	0.5695992114334492	True	0.7784522556257139	-8.538506667986334e-05	0.5563633713163476	True	0.7603632741323417
Dd2_C580Y	Dd2_WT	6.0	AAA_AAG_ratio	0.0173867542017589	0.0140685382966614	0.2165103311898064	True	0.9834184169385904	0.01739116320549261	0.21670010948102303	True	0.96718434904259
Dd2_C580Y	Dd2_WT	6.0	codon_AAA	0.0007361166748922	0.0007053949727796	0.296692487230179	True	0.9834184169385904	0.0007376353832008742	0.2896947082461119	True	0.96718434904259
Dd2_C580Y	Dd2_WT	6.0	codon_AAG	7.985698012731232e-05	0.0001392651753764	0.5663625718171655	True	0.9834184169385904	7.998604564795134e-05	0.5596094789373924	True	0.96718434904259
Dd2_C580Y	Dd2_WT	24.0	AAA_AAG_ratio	-0.0010495408067674	0.0128851657254542	0.9350813677323158	False	0.983034258385255	-0.0007708348498507434	0.9523877612081589	False	0.957713601082421
Dd2_C580Y	Dd2_WT	24.0	codon_AAA	0.0003374119273271	0.0004093225175503	0.4097588820655442	False	0.7304397462907528	0.0003238952988553895	0.42046588386303296	False	0.742881267778709
Dd2_C580Y	Dd2_WT	24.0	codon_AAG	7.98492943792431e-05	5.573700150187664e-05	0.1519697909516773	False	0.4792893406937517	7.551139366755028e-05	0.15870212494621339	False	0.5129943681368692
Dd2_C580Y	Dd2_WT	32.0	AAA_AAG_ratio	-0.0124343694582469	0.0103424378351696	0.2292601823919279	False	0.3916528115862102	-0.012272867818866828	0.2322556871091609	False	0.3831129536207981
Dd2_C580Y	Dd2_WT	32.0	codon_AAA	0.0005307882587325	0.0003091891232426	0.0860320544623071	False	0.2519510166396136	0.0005230203886359558	0.08893048091999718	False	0.26043926555142033
Dd2_C580Y	Dd2_WT	32.0	codon_AAG	0.0001772345692308	7.129060061146456e-05	0.012915672337314	False	0.0882570943049792	0.00017475862787301455	0.013437572866459363	False	0.0918234145874723
Dd2_C580Y	Dd2_WT	48.0	AAA_AAG_ratio	-0.019312783529414	0.0131313403370949	0.1413615257836925	False	0.4433999360622788	-0.019453118246501866	0.14244012913550347	False	0.44923425342735707
Dd2_C580Y	Dd2_WT	48.0	codon_AAA	0.0005369004532828	0.0004815365215584	0.2648617845406011	False	0.571543850850771	0.0005272276221003069	0.2724221989858019	False	0.5584655079208939
Dd2_C580Y	Dd2_WT	48.0	codon_AAG	0.0002113153637987	6.148594555662627e-05	0.0005886136057093	False	0.0057523171463522	0.00020990729643438968	0.0004995284323673755	False	0.005120166431765599
Cam3II_R539T	Cam3II_revWT	8.0	AAA_AAG_ratio	-0.0002717641592173			True		-0.0004613222249032489		True	
Cam3II_R539T	Cam3II_revWT	8.0	codon_AAA	-0.0002531141850931			True		-0.00025626997046725164		True	
Cam3II_R539T	Cam3II_revWT	8.0	codon_AAG	-5.527362746302056e-05			True		-5.5023021006461725e-05		True	
Cam3II_R539T	Cam3II_revWT	16.0	AAA_AAG_ratio	0.0010936976915596			False		0.0007146658328647248		False	
Cam3II_R539T	Cam3II_revWT	16.0	codon_AAA	-0.0003377181709375			False		-0.0003421060746248983		False	
Cam3II_R539T	Cam3II_revWT	16.0	codon_AAG	-8.146907244945337e-05			False		-8.060022605798842e-05		False	
Cam3II_R539T	Cam3II_revWT	24.0	AAA_AAG_ratio	0.0175239598830074			False		0.01654746381692096		False	
Cam3II_R539T	Cam3II_revWT	24.0	codon_AAA	-0.0001292468961915			False		-0.0001453700825758686		False	
Cam3II_R539T	Cam3II_revWT	24.0	codon_AAG	-0.0001151882751876			False		-0.00011413210424562198		False	
Cam3II_R539T	Cam3II_revWT	32.0	AAA_AAG_ratio	-0.0013651490416268			False		-0.0011280310479255817		False	
Cam3II_R539T	Cam3II_revWT	32.0	codon_AAA	-0.0002395583912223			False		-0.00026111566617882664		False	
Cam3II_R539T	Cam3II_revWT	32.0	codon_AAG	-4.740552374898899e-05			False		-5.338973702448749e-05		False	
Cam3II_R539T	Cam3II_revWT	40.0	AAA_AAG_ratio	-0.0188015598669517			False		-0.019125673845549862		False	
Cam3II_R539T	Cam3II_revWT	40.0	codon_AAA	-0.0003754451452823			False		-0.00040562436143544434		False	
Cam3II_R539T	Cam3II_revWT	40.0	codon_AAG	7.674281353561158e-06			False		2.6523487817418923e-06		False	
Cam3II_R539T	Cam3II_revWT	48.0	AAA_AAG_ratio	0.0107959129182315			False		0.010308892390549218		False	
Cam3II_R539T	Cam3II_revWT	48.0	codon_AAA	0.0003874430455768			False		0.0004131919464897965		False	
Cam3II_R539T	Cam3II_revWT	48.0	codon_AAG	3.478148305008019e-05			False		4.284000583364839e-05		False	
