bg	time	feature	n_dha	n_ctrl	delta_DHA_CTRL	p	early	q
Cam3II_R539T	8.0	AAA_AAG_ratio	1	3	-0.018911260824956422		True	
Cam3II_R539T	8.0	AA_A	1	3	-0.0002958691714397485		True	
Cam3II_R539T	8.0	AA_D	1	3	-6.116249215191993e-05		True	
Cam3II_R539T	8.0	AA_F	1	3	-0.00030971516191964643		True	
Cam3II_R539T	8.0	AA_G	1	3	-0.00022959756623645855		True	
Cam3II_R539T	8.0	AA_I	1	3	-0.00011066446437689448		True	
Cam3II_R539T	8.0	AA_K	1	3	0.000308356634087098		True	
Cam3II_R539T	8.0	AA_N	1	3	-0.0005888742889817999		True	
Cam3II_R539T	8.0	AA_P	1	3	0.00017613922783015282		True	
Cam3II_R539T	8.0	AA_Q	1	3	-9.673789106104391e-05		True	
Cam3II_R539T	8.0	AA_R	1	3	3.0648165459296745e-05		True	
Cam3II_R539T	8.0	AA_V	1	3	0.0005550999288183728		True	
Cam3II_R539T	8.0	AA_W	1	3	-2.9866316725206746e-05		True	
Cam3II_R539T	8.0	AA_Y	1	3	-0.0002959221739878143		True	
Cam3II_R539T	8.0	codon_AAA	1	3	0.0001758374659130424		True	
Cam3II_R539T	8.0	codon_AAC	1	3	-7.490193332875678e-05		True	
Cam3II_R539T	8.0	codon_AAG	1	3	0.00013251916817406603		True	
Cam3II_R539T	8.0	codon_AAT	1	3	-0.000513972355653064		True	
Cam3II_R539T	8.0	codon_ATA	1	3	5.378185610853403e-06		True	
Cam3II_R539T	8.0	codon_ATC	1	3	-4.0459621423605784e-05		True	
Cam3II_R539T	8.0	codon_ATT	1	3	-7.558302856412735e-05		True	
Cam3II_R539T	8.0	codon_CCA	1	3	8.337176719548471e-05		True	
Cam3II_R539T	8.0	codon_CCC	1	3	-4.8743139836787946e-05		True	
Cam3II_R539T	8.0	codon_CCG	1	3	-1.73345336554365e-05		True	
Cam3II_R539T	8.0	codon_CCT	1	3	0.0001588451341268905		True	
Cam3II_R539T	8.0	codon_CTA	1	3	6.633953266527073e-05		True	
Cam3II_R539T	8.0	codon_CTC	1	3	-1.0813218744365211e-05		True	
Cam3II_R539T	8.0	codon_CTG	1	3	5.009231567514125e-07		True	
Cam3II_R539T	8.0	codon_CTT	1	3	-3.0897857197445186e-05		True	
Cam3II_R539T	8.0	codon_GAA	1	3	0.0014822451472495807		True	
Cam3II_R539T	8.0	codon_GAC	1	3	-9.875316574034683e-05		True	
Cam3II_R539T	8.0	codon_GAG	1	3	0.0003511550163015388		True	
Cam3II_R539T	8.0	codon_GAT	1	3	3.759067358842516e-05		True	
Cam3II_R539T	8.0	codon_GCA	1	3	-8.730836625966444e-05		True	
Cam3II_R539T	8.0	codon_GCC	1	3	-8.044317106619021e-05		True	
Cam3II_R539T	8.0	codon_GCG	1	3	-2.8096119478809465e-05		True	
Cam3II_R539T	8.0	codon_GCT	1	3	-0.00010002151463508503		True	
Cam3II_R539T	8.0	codon_TTA	1	3	3.222473872334375e-06		True	
Cam3II_R539T	8.0	codon_TTC	1	3	-4.013916927527155e-05		True	
Cam3II_R539T	8.0	codon_TTG	1	3	-2.794698067456504e-05		True	
Cam3II_R539T	8.0	codon_TTT	1	3	-0.00026957599264437054		True	
Cam3II_R539T	16.0	AAA_AAG_ratio	1	3	-0.020999483970569166		False	
Cam3II_R539T	16.0	AA_A	1	3	-0.00032715191000217553		False	
Cam3II_R539T	16.0	AA_D	1	3	-7.749568401349549e-05		False	
Cam3II_R539T	16.0	AA_F	1	3	-0.00029534244178004015		False	
Cam3II_R539T	16.0	AA_G	1	3	-0.00039764049167659993		False	
Cam3II_R539T	16.0	AA_I	1	3	0.00023066403606868124		False	
Cam3II_R539T	16.0	AA_K	1	3	-0.00024736220290948185		False	
Cam3II_R539T	16.0	AA_N	1	3	-0.0006344536128139178		False	
Cam3II_R539T	16.0	AA_P	1	3	0.0002508047029604332		False	
Cam3II_R539T	16.0	AA_Q	1	3	-0.000253457323616698		False	
Cam3II_R539T	16.0	AA_R	1	3	2.467937329012418e-05		False	
Cam3II_R539T	16.0	AA_V	1	3	0.000981253997443407		False	
Cam3II_R539T	16.0	AA_W	1	3	-2.566967209482844e-05		False	
Cam3II_R539T	16.0	AA_Y	1	3	-0.0003088891302905489		False	
Cam3II_R539T	16.0	codon_AAA	1	3	-0.00028608863966103626		False	
Cam3II_R539T	16.0	codon_AAC	1	3	-0.00013884491669559698		False	
Cam3II_R539T	16.0	codon_AAG	1	3	3.872643675156828e-05		False	
Cam3II_R539T	16.0	codon_AAT	1	3	-0.0004956086961183104		False	
Cam3II_R539T	16.0	codon_ATA	1	3	0.0002462759651481669		False	
Cam3II_R539T	16.0	codon_ATC	1	3	-2.4596111340693602e-05		False	
Cam3II_R539T	16.0	codon_ATT	1	3	8.984182261202733e-06		False	
Cam3II_R539T	16.0	codon_CCA	1	3	0.00015843565407120362		False	
Cam3II_R539T	16.0	codon_CCC	1	3	-5.4468682305871315e-05		False	
Cam3II_R539T	16.0	codon_CCG	1	3	-2.0629351683997118e-05		False	
Cam3II_R539T	16.0	codon_CCT	1	3	0.00016746708287909782		False	
Cam3II_R539T	16.0	codon_CTA	1	3	6.147704693920588e-05		False	
Cam3II_R539T	16.0	codon_CTC	1	3	-2.3943333614145218e-05		False	
Cam3II_R539T	16.0	codon_CTG	1	3	-5.016404116861984e-06		False	
Cam3II_R539T	16.0	codon_CTT	1	3	-9.432157272768783e-05		False	
Cam3II_R539T	16.0	codon_GAA	1	3	0.001552658811435119		False	
Cam3II_R539T	16.0	codon_GAC	1	3	-0.00015386614095192104		False	
Cam3II_R539T	16.0	codon_GAG	1	3	0.0005445650243378845		False	
Cam3II_R539T	16.0	codon_GAT	1	3	7.637045693841688e-05		False	
Cam3II_R539T	16.0	codon_GCA	1	3	-0.000116939334082692		False	
Cam3II_R539T	16.0	codon_GCC	1	3	-9.365993412477694e-05		False	
Cam3II_R539T	16.0	codon_GCG	1	3	-3.763173056252258e-05		False	
Cam3II_R539T	16.0	codon_GCT	1	3	-7.892091123218314e-05		False	
Cam3II_R539T	16.0	codon_TTA	1	3	-8.88197198825394e-05		False	
Cam3II_R539T	16.0	codon_TTC	1	3	-3.873054427103173e-05		False	
Cam3II_R539T	16.0	codon_TTG	1	3	-3.509103491441262e-05		False	
Cam3II_R539T	16.0	codon_TTT	1	3	-0.0002566118975090015		False	
Cam3II_R539T	24.0	AAA_AAG_ratio	1	3	-0.018945565935311492		False	
Cam3II_R539T	24.0	AA_A	1	3	-0.0002280029888602382		False	
Cam3II_R539T	24.0	AA_D	1	3	0.00023181556671462988		False	
Cam3II_R539T	24.0	AA_F	1	3	-0.0003277754542597572		False	
Cam3II_R539T	24.0	AA_G	1	3	7.522630018906226e-05		False	
Cam3II_R539T	24.0	AA_I	1	3	-0.00047430127854986015		False	
Cam3II_R539T	24.0	AA_K	1	3	0.00012075424315896588		False	
Cam3II_R539T	24.0	AA_N	1	3	-0.0008808574011950898		False	
Cam3II_R539T	24.0	AA_P	1	3	0.00046766743962996585		False	
Cam3II_R539T	24.0	AA_Q	1	3	-8.123481225810053e-05		False	
Cam3II_R539T	24.0	AA_R	1	3	-6.775343447465443e-07		False	
Cam3II_R539T	24.0	AA_V	1	3	0.0005211874320207519		False	
Cam3II_R539T	24.0	AA_W	1	3	7.735878859380443e-05		False	
Cam3II_R539T	24.0	AA_Y	1	3	-0.00034610368776102213		False	
Cam3II_R539T	24.0	codon_AAA	1	3	2.2053002353222828e-05		False	
Cam3II_R539T	24.0	codon_AAC	1	3	-5.61966929682467e-05		False	
Cam3II_R539T	24.0	codon_AAG	1	3	9.870124080574652e-05		False	
Cam3II_R539T	24.0	codon_AAT	1	3	-0.0008246607082268292		False	
Cam3II_R539T	24.0	codon_ATA	1	3	-0.00013667440181819313		False	
Cam3II_R539T	24.0	codon_ATC	1	3	-2.6012922302470244e-05		False	
Cam3II_R539T	24.0	codon_ATT	1	3	-0.0003116139544291907		False	
Cam3II_R539T	24.0	codon_CCA	1	3	0.00017662892180628394		False	
Cam3II_R539T	24.0	codon_CCC	1	3	3.3347603106195604e-05		False	
Cam3II_R539T	24.0	codon_CCG	1	3	2.076990565113082e-05		False	
Cam3II_R539T	24.0	codon_CCT	1	3	0.00023692100906635202		False	
Cam3II_R539T	24.0	codon_CTA	1	3	5.281659010269047e-05		False	
Cam3II_R539T	24.0	codon_CTC	1	3	1.275070825407969e-05		False	
Cam3II_R539T	24.0	codon_CTG	1	3	1.4252262225800724e-05		False	
Cam3II_R539T	24.0	codon_CTT	1	3	-2.5459708818014945e-05		False	
Cam3II_R539T	24.0	codon_GAA	1	3	0.0010464373925561168		False	
Cam3II_R539T	24.0	codon_GAC	1	3	3.4548584800205354e-05		False	
Cam3II_R539T	24.0	codon_GAG	1	3	0.00046314655277691213		False	
Cam3II_R539T	24.0	codon_GAT	1	3	0.00019726698191444014		False	
Cam3II_R539T	24.0	codon_GCA	1	3	-1.1627492146368962e-05		False	
Cam3II_R539T	24.0	codon_GCC	1	3	-3.7506534684074444e-05		False	
Cam3II_R539T	24.0	codon_GCG	1	3	6.393821865526093e-06		False	
Cam3II_R539T	24.0	codon_GCT	1	3	-0.00018526278389532046		False	
Cam3II_R539T	24.0	codon_TTA	1	3	-0.0003508265065816571		False	
Cam3II_R539T	24.0	codon_TTC	1	3	-2.3918389041832112e-05		False	
Cam3II_R539T	24.0	codon_TTG	1	3	-3.354065818610141e-05		False	
Cam3II_R539T	24.0	codon_TTT	1	3	-0.00030385706521792594		False	
Cam3II_R539T	32.0	AAA_AAG_ratio	1	3	-0.01139426002875421		False	
Cam3II_R539T	32.0	AA_A	1	3	0.0002983257403371027		False	
Cam3II_R539T	32.0	AA_D	1	3	0.00012996286373329058		False	
Cam3II_R539T	32.0	AA_F	1	3	-0.000582396096509244		False	
Cam3II_R539T	32.0	AA_G	1	3	0.00045611927444781306		False	
Cam3II_R539T	32.0	AA_I	1	3	-0.0006782821119185323		False	
Cam3II_R539T	32.0	AA_K	1	3	-0.00014081843443711217		False	
Cam3II_R539T	32.0	AA_N	1	3	-0.001459070455755468		False	
Cam3II_R539T	32.0	AA_P	1	3	0.0004995066190592728		False	
Cam3II_R539T	32.0	AA_Q	1	3	-1.4814051884845525e-05		False	
Cam3II_R539T	32.0	AA_R	1	3	0.00015164262195383263		False	
Cam3II_R539T	32.0	AA_V	1	3	0.0007158698378963851		False	
Cam3II_R539T	32.0	AA_W	1	3	8.859423686935399e-05		False	
Cam3II_R539T	32.0	AA_Y	1	3	-0.0006684569694810835		False	
Cam3II_R539T	32.0	codon_AAA	1	3	-0.00016050005536606682		False	
Cam3II_R539T	32.0	codon_AAC	1	3	-0.00015512982292972474		False	
Cam3II_R539T	32.0	codon_AAG	1	3	1.9681620928954646e-05		False	
Cam3II_R539T	32.0	codon_AAT	1	3	-0.0013039406328257674		False	
Cam3II_R539T	32.0	codon_ATA	1	3	-0.000278889720968456		False	
Cam3II_R539T	32.0	codon_ATC	1	3	-7.90095666739479e-05		False	
Cam3II_R539T	32.0	codon_ATT	1	3	-0.00032038282427613446		False	
Cam3II_R539T	32.0	codon_CCA	1	3	0.00020432324116688612		False	
Cam3II_R539T	32.0	codon_CCC	1	3	2.93390714971903e-05		False	
Cam3II_R539T	32.0	codon_CCG	1	3	2.35821386808632e-05		False	
Cam3II_R539T	32.0	codon_CCT	1	3	0.00024226216771433377		False	
Cam3II_R539T	32.0	codon_CTA	1	3	1.0708392257806863e-05		False	
Cam3II_R539T	32.0	codon_CTC	1	3	-8.243244029112681e-06		False	
Cam3II_R539T	32.0	codon_CTG	1	3	-3.2573879309672968e-06		False	
Cam3II_R539T	32.0	codon_CTT	1	3	-4.290766914268225e-05		False	
Cam3II_R539T	32.0	codon_GAA	1	3	0.0013148543783215658		False	
Cam3II_R539T	32.0	codon_GAC	1	3	3.494569751001306e-05		False	
Cam3II_R539T	32.0	codon_GAG	1	3	0.0004010317684508338		False	
Cam3II_R539T	32.0	codon_GAT	1	3	9.501716622327405e-05		False	
Cam3II_R539T	32.0	codon_GCA	1	3	0.00016638037788689435		False	
Cam3II_R539T	32.0	codon_GCC	1	3	1.2599019789487614e-05		False	
Cam3II_R539T	32.0	codon_GCG	1	3	3.265401971696744e-05		False	
Cam3II_R539T	32.0	codon_GCT	1	3	8.669232294374919e-05		False	
Cam3II_R539T	32.0	codon_TTA	1	3	-0.00027562030355769707		False	
Cam3II_R539T	32.0	codon_TTC	1	3	-0.00012791876503339024		False	
Cam3II_R539T	32.0	codon_TTG	1	3	-2.9177486416271867e-05		False	
Cam3II_R539T	32.0	codon_TTT	1	3	-0.0004544773314758624		False	
Cam3II_R539T	40.0	AAA_AAG_ratio	1	3	-0.016302354479882375		False	
Cam3II_R539T	40.0	AA_A	1	3	7.477367146659433e-05		False	
Cam3II_R539T	40.0	AA_D	1	3	0.00032735707581571516		False	
Cam3II_R539T	40.0	AA_F	1	3	-0.00010517949402216037		False	
Cam3II_R539T	40.0	AA_G	1	3	0.00022730827685209579		False	
Cam3II_R539T	40.0	AA_I	1	3	-0.00010962858451912805		False	
Cam3II_R539T	40.0	AA_K	1	3	0.00029622258743376706		False	
Cam3II_R539T	40.0	AA_N	1	3	-0.000854826233830347		False	
Cam3II_R539T	40.0	AA_P	1	3	7.792148832919121e-05		False	
Cam3II_R539T	40.0	AA_Q	1	3	-0.00012445803357667012		False	
Cam3II_R539T	40.0	AA_R	1	3	0.0003417112943281432		False	
Cam3II_R539T	40.0	AA_V	1	3	0.00028997585317637464		False	
Cam3II_R539T	40.0	AA_W	1	3	2.264981310326833e-05		False	
Cam3II_R539T	40.0	AA_Y	1	3	-0.0001203673065265573		False	
Cam3II_R539T	40.0	codon_AAA	1	3	0.0001762058663643401		False	
Cam3II_R539T	40.0	codon_AAC	1	3	-0.00024306578207833676		False	
Cam3II_R539T	40.0	codon_AAG	1	3	0.00012001672106941655		False	
Cam3II_R539T	40.0	codon_AAT	1	3	-0.0006117604517520137		False	
Cam3II_R539T	40.0	codon_ATA	1	3	-6.887005719286715e-05		False	
Cam3II_R539T	40.0	codon_ATC	1	3	-1.4822555681672824e-05		False	
Cam3II_R539T	40.0	codon_ATT	1	3	-2.593597164458894e-05		False	
Cam3II_R539T	40.0	codon_CCA	1	3	5.3497641423880596e-05		False	
Cam3II_R539T	40.0	codon_CCC	1	3	6.196059125287978e-06		False	
Cam3II_R539T	40.0	codon_CCG	1	3	-2.1677644584642717e-06		False	
Cam3II_R539T	40.0	codon_CCT	1	3	2.039555223848355e-05		False	
Cam3II_R539T	40.0	codon_CTA	1	3	6.445554956576241e-06		False	
Cam3II_R539T	40.0	codon_CTC	1	3	-2.3639900474700225e-05		False	
Cam3II_R539T	40.0	codon_CTG	1	3	-1.3093253438492677e-05		False	
Cam3II_R539T	40.0	codon_CTT	1	3	-7.242088076747297e-05		False	
Cam3II_R539T	40.0	codon_GAA	1	3	0.0005386063558539683		False	
Cam3II_R539T	40.0	codon_GAC	1	3	-5.552460386375538e-06		False	
Cam3II_R539T	40.0	codon_GAG	1	3	0.00011885614423966413		False	
Cam3II_R539T	40.0	codon_GAT	1	3	0.0003329095362021098		False	
Cam3II_R539T	40.0	codon_GCA	1	3	5.717460504197844e-06		False	
Cam3II_R539T	40.0	codon_GCC	1	3	2.2699764493313863e-05		False	
Cam3II_R539T	40.0	codon_GCG	1	3	-4.755190721928001e-06		False	
Cam3II_R539T	40.0	codon_GCT	1	3	5.111163719101041e-05		False	
Cam3II_R539T	40.0	codon_TTA	1	3	0.00016578176666866284		False	
Cam3II_R539T	40.0	codon_TTC	1	3	-4.9484674288119944e-05		False	
Cam3II_R539T	40.0	codon_TTG	1	3	-6.460163388283605e-05		False	
Cam3II_R539T	40.0	codon_TTT	1	3	-5.569481973403956e-05		False	
Cam3II_R539T	48.0	AAA_AAG_ratio	1	3	-0.02423728204460307		False	
Cam3II_R539T	48.0	AA_A	1	3	0.00012596794979865752		False	
Cam3II_R539T	48.0	AA_D	1	3	0.0002514333423587617		False	
Cam3II_R539T	48.0	AA_F	1	3	-0.0004662845743471297		False	
Cam3II_R539T	48.0	AA_G	1	3	0.0003260484647950798		False	
Cam3II_R539T	48.0	AA_I	1	3	-0.0006421175808196261		False	
Cam3II_R539T	48.0	AA_K	1	3	0.00021768149431705686		False	
Cam3II_R539T	48.0	AA_N	1	3	-0.0008173705866416359		False	
Cam3II_R539T	48.0	AA_P	1	3	0.00019050002249407574		False	
Cam3II_R539T	48.0	AA_Q	1	3	5.402698504699058e-05		False	
Cam3II_R539T	48.0	AA_R	1	3	0.00010133217491999774		False	
Cam3II_R539T	48.0	AA_V	1	3	0.00028928473421457185		False	
Cam3II_R539T	48.0	AA_W	1	3	3.3122628179600364e-05		False	
Cam3II_R539T	48.0	AA_Y	1	3	-0.0003835138985312722		False	
Cam3II_R539T	48.0	codon_AAA	1	3	8.059985903083322e-05		False	
Cam3II_R539T	48.0	codon_AAC	1	3	-7.896554177557608e-05		False	
Cam3II_R539T	48.0	codon_AAG	1	3	0.0001370816352862167		False	
Cam3II_R539T	48.0	codon_AAT	1	3	-0.0007384050448660529		False	
Cam3II_R539T	48.0	codon_ATA	1	3	-0.0003368667906657949		False	
Cam3II_R539T	48.0	codon_ATC	1	3	-3.291537990442704e-05		False	
Cam3II_R539T	48.0	codon_ATT	1	3	-0.00027233541024942326		False	
Cam3II_R539T	48.0	codon_CCA	1	3	8.60517724516948e-05		False	
Cam3II_R539T	48.0	codon_CCC	1	3	9.283177093195698e-06		False	
Cam3II_R539T	48.0	codon_CCG	1	3	8.372183098941913e-06		False	
Cam3II_R539T	48.0	codon_CCT	1	3	8.679288985023997e-05		False	
Cam3II_R539T	48.0	codon_CTA	1	3	-3.953519888161283e-06		False	
Cam3II_R539T	48.0	codon_CTC	1	3	-7.0996328503743125e-06		False	
Cam3II_R539T	48.0	codon_CTG	1	3	6.505320820248371e-06		False	
Cam3II_R539T	48.0	codon_CTT	1	3	-3.476424672465249e-05		False	
Cam3II_R539T	48.0	codon_GAA	1	3	0.0008940709544300804		False	
Cam3II_R539T	48.0	codon_GAC	1	3	5.846753343928708e-05		False	
Cam3II_R539T	48.0	codon_GAG	1	3	0.00023021755699630456		False	
Cam3II_R539T	48.0	codon_GAT	1	3	0.00019296580891947634		False	
Cam3II_R539T	48.0	codon_GCA	1	3	8.775673414963304e-05		False	
Cam3II_R539T	48.0	codon_GCC	1	3	1.036526154526464e-06		False	
Cam3II_R539T	48.0	codon_GCG	1	3	1.2002753167643376e-05		False	
Cam3II_R539T	48.0	codon_GCT	1	3	2.517193632685811e-05		False	
Cam3II_R539T	48.0	codon_TTA	1	3	-0.0003315161417763307		False	
Cam3II_R539T	48.0	codon_TTC	1	3	-6.353088020784152e-05		False	
Cam3II_R539T	48.0	codon_TTG	1	3	-9.828977162182687e-06		False	
Cam3II_R539T	48.0	codon_TTT	1	3	-0.00040275369413927953		False	
Cam3II_revWT	8.0	AAA_AAG_ratio	1	3	-0.018639496665739053		True	
Cam3II_revWT	8.0	AA_A	1	3	-0.0001900631675640918		True	
Cam3II_revWT	8.0	AA_D	1	3	0.000593832113949283		True	
Cam3II_revWT	8.0	AA_F	1	3	-0.0006385985669809038		True	
Cam3II_revWT	8.0	AA_G	1	3	0.00014925612301151456		True	
Cam3II_revWT	8.0	AA_I	1	3	-0.0009972997641052722		True	
Cam3II_revWT	8.0	AA_K	1	3	0.0006167444466432664		True	
Cam3II_revWT	8.0	AA_N	1	3	0.00036915249552316176		True	
Cam3II_revWT	8.0	AA_P	1	3	-4.85514180449953e-05		True	
Cam3II_revWT	8.0	AA_Q	1	3	4.492864518167855e-05		True	
Cam3II_revWT	8.0	AA_R	1	3	0.00015759759518012284		True	
Cam3II_revWT	8.0	AA_V	1	3	-7.850212815720126e-06		True	
Cam3II_revWT	8.0	AA_W	1	3	-1.5074607695860116e-05		True	
Cam3II_revWT	8.0	AA_Y	1	3	-0.0005666179264794124		True	
Cam3II_revWT	8.0	codon_AAA	1	3	0.00042895165100619026		True	
Cam3II_revWT	8.0	codon_AAC	1	3	-4.567198035712594e-05		True	
Cam3II_revWT	8.0	codon_AAG	1	3	0.0001877927956370866		True	
Cam3II_revWT	8.0	codon_AAT	1	3	0.00041482447588025995		True	
Cam3II_revWT	8.0	codon_ATA	1	3	-0.0005676171555605986		True	
Cam3II_revWT	8.0	codon_ATC	1	3	-7.73861012484103e-05		True	
Cam3II_revWT	8.0	codon_ATT	1	3	-0.00035229650729626943		True	
Cam3II_revWT	8.0	codon_CCA	1	3	8.556035283744517e-06		True	
Cam3II_revWT	8.0	codon_CCC	1	3	-4.454155805504612e-05		True	
Cam3II_revWT	8.0	codon_CCG	1	3	-1.8025312134255906e-05		True	
Cam3II_revWT	8.0	codon_CCT	1	3	5.459416860559285e-06		True	
Cam3II_revWT	8.0	codon_CTA	1	3	-3.339112592083606e-05		True	
Cam3II_revWT	8.0	codon_CTC	1	3	-2.760348901547586e-05		True	
Cam3II_revWT	8.0	codon_CTG	1	3	-2.553313864743392e-05		True	
Cam3II_revWT	8.0	codon_CTT	1	3	-9.210987394739703e-05		True	
Cam3II_revWT	8.0	codon_GAA	1	3	0.0012607718072054075		True	
Cam3II_revWT	8.0	codon_GAC	1	3	-3.431547098599677e-05		True	
Cam3II_revWT	8.0	codon_GAG	1	3	0.0001592990482172027		True	
Cam3II_revWT	8.0	codon_GAT	1	3	0.0006281475849352694		True	
Cam3II_revWT	8.0	codon_GCA	1	3	9.037578337690172e-06		True	
Cam3II_revWT	8.0	codon_GCC	1	3	-7.815142277188417e-05		True	
Cam3II_revWT	8.0	codon_GCG	1	3	-2.1173992683334603e-05		True	
Cam3II_revWT	8.0	codon_GCT	1	3	-9.97753304465632e-05		True	
Cam3II_revWT	8.0	codon_TTA	1	3	-0.00023931972480366326		True	
Cam3II_revWT	8.0	codon_TTC	1	3	-0.00012578561862476058		True	
Cam3II_revWT	8.0	codon_TTG	1	3	-0.00010062344181124491		True	
Cam3II_revWT	8.0	codon_TTT	1	3	-0.000512812948356138		True	
Cam3II_revWT	16.0	AAA_AAG_ratio	1	3	-0.022093181662128814		False	
Cam3II_revWT	16.0	AA_A	1	3	-0.00025788667295742473		False	
Cam3II_revWT	16.0	AA_D	1	3	0.0002535853233757296		False	
Cam3II_revWT	16.0	AA_F	1	3	-0.0006742776241387902		False	
Cam3II_revWT	16.0	AA_G	1	3	-0.00012972102454334236		False	
Cam3II_revWT	16.0	AA_I	1	3	-0.0003282168953891579		False	
Cam3II_revWT	16.0	AA_K	1	3	0.00017182504047751068		False	
Cam3II_revWT	16.0	AA_N	1	3	-0.0006937111111280647		False	
Cam3II_revWT	16.0	AA_P	1	3	0.0002731405495731108		False	
Cam3II_revWT	16.0	AA_Q	1	3	-0.00014083016227264128		False	
Cam3II_revWT	16.0	AA_R	1	3	0.00016119546506354263		False	
Cam3II_revWT	16.0	AA_V	1	3	0.0007632599700290732		False	
Cam3II_revWT	16.0	AA_W	1	3	1.1397251991887222e-05		False	
Cam3II_revWT	16.0	AA_Y	1	3	-0.0005622223664075165		False	
Cam3II_revWT	16.0	codon_AAA	1	3	5.16295312764925e-05		False	
Cam3II_revWT	16.0	codon_AAC	1	3	-0.00015648401520931138		False	
Cam3II_revWT	16.0	codon_AAG	1	3	0.00012019550920102165		False	
Cam3II_revWT	16.0	codon_AAT	1	3	-0.0005372270959188158		False	
Cam3II_revWT	16.0	codon_ATA	1	3	-6.254892334714435e-05		False	
Cam3II_revWT	16.0	codon_ATC	1	3	-8.158851379309624e-05		False	
Cam3II_revWT	16.0	codon_ATT	1	3	-0.00018407945824892163		False	
Cam3II_revWT	16.0	codon_CCA	1	3	0.00016623537989184783		False	
Cam3II_revWT	16.0	codon_CCC	1	3	-4.0431408894246214e-05		False	
Cam3II_revWT	16.0	codon_CCG	1	3	-1.1165544588791535e-05		False	
Cam3II_revWT	16.0	codon_CCT	1	3	0.00015850212316430128		False	
Cam3II_revWT	16.0	codon_CTA	1	3	1.3001181620471598e-05		False	
Cam3II_revWT	16.0	codon_CTC	1	3	-2.405197706011595e-05		False	
Cam3II_revWT	16.0	codon_CTG	1	3	-1.8727231730762683e-05		False	
Cam3II_revWT	16.0	codon_CTT	1	3	-0.0001476959310455269		False	
Cam3II_revWT	16.0	codon_GAA	1	3	0.0017769782210424884		False	
Cam3II_revWT	16.0	codon_GAC	1	3	-0.00011781931010521746		False	
Cam3II_revWT	16.0	codon_GAG	1	3	0.0004914605892460018		False	
Cam3II_revWT	16.0	codon_GAT	1	3	0.00037140463348094704		False	
Cam3II_revWT	16.0	codon_GCA	1	3	-3.91095655039031e-05		False	
Cam3II_revWT	16.0	codon_GCC	1	3	-9.598962475896493e-05		False	
Cam3II_revWT	16.0	codon_GCG	1	3	-2.518659374480762e-05		False	
Cam3II_revWT	16.0	codon_GCT	1	3	-9.760088894975039e-05		False	
Cam3II_revWT	16.0	codon_TTA	1	3	-0.0002975612251002388		False	
Cam3II_revWT	16.0	codon_TTC	1	3	-0.00011379528175110148		False	
Cam3II_revWT	16.0	codon_TTG	1	3	-6.0446705964481776e-05		False	
Cam3II_revWT	16.0	codon_TTT	1	3	-0.0005604823423876956		False	
Cam3II_revWT	24.0	AAA_AAG_ratio	1	3	-0.03646952581831897		False	
Cam3II_revWT	24.0	AA_A	1	3	-0.00023332634346579645		False	
Cam3II_revWT	24.0	AA_D	1	3	0.0007437977802094986		False	
Cam3II_revWT	24.0	AA_F	1	3	-0.0011295176748049376		False	
Cam3II_revWT	24.0	AA_G	1	3	0.0002618916920815832		False	
Cam3II_revWT	24.0	AA_I	1	3	-0.0013487237875087627		False	
Cam3II_revWT	24.0	AA_K	1	3	0.0003651894145381973		False	
Cam3II_revWT	24.0	AA_N	1	3	-0.00017036803275516377		False	
Cam3II_revWT	24.0	AA_P	1	3	0.0006109926340041733		False	
Cam3II_revWT	24.0	AA_Q	1	3	3.0098989938630305e-05		False	
Cam3II_revWT	24.0	AA_R	1	3	9.030017848779201e-05		False	
Cam3II_revWT	24.0	AA_V	1	3	0.00048226915207553317		False	
Cam3II_revWT	24.0	AA_W	1	3	0.0001357606039268256		False	
Cam3II_revWT	24.0	AA_Y	1	3	-0.0008085003007520589		False	
Cam3II_revWT	24.0	codon_AAA	1	3	0.00015129989854478776		False	
Cam3II_revWT	24.0	codon_AAC	1	3	0.00010175798624481244		False	
Cam3II_revWT	24.0	codon_AAG	1	3	0.0002138895159934026		False	
Cam3II_revWT	24.0	codon_AAT	1	3	-0.0002721260189999797		False	
Cam3II_revWT	24.0	codon_ATA	1	3	-0.0005431523794602322		False	
Cam3II_revWT	24.0	codon_ATC	1	3	-8.8141982229277e-05		False	
Cam3II_revWT	24.0	codon_ATT	1	3	-0.0007174294258192326		False	
Cam3II_revWT	24.0	codon_CCA	1	3	0.00024241482935682436		False	
Cam3II_revWT	24.0	codon_CCC	1	3	7.002351660150398e-05		False	
Cam3II_revWT	24.0	codon_CCG	1	3	3.7305724447512026e-05		False	
Cam3II_revWT	24.0	codon_CCT	1	3	0.00026124856359832985		False	
Cam3II_revWT	24.0	codon_CTA	1	3	-9.82879149505865e-07		False	
Cam3II_revWT	24.0	codon_CTC	1	3	-8.913188610892896e-06		False	
Cam3II_revWT	24.0	codon_CTG	1	3	7.2310355035572465e-06		False	
Cam3II_revWT	24.0	codon_CTT	1	3	-0.00015248622905849989		False	
Cam3II_revWT	24.0	codon_GAA	1	3	0.00183032505540303		False	
Cam3II_revWT	24.0	codon_GAC	1	3	0.00014767388150104498		False	
Cam3II_revWT	24.0	codon_GAG	1	3	0.000701897563030969		False	
Cam3II_revWT	24.0	codon_GAT	1	3	0.0005961238987084588		False	
Cam3II_revWT	24.0	codon_GCA	1	3	2.435178872846333e-05		False	
Cam3II_revWT	24.0	codon_GCC	1	3	-5.878468157584577e-05		False	
Cam3II_revWT	24.0	codon_GCG	1	3	3.378702037356283e-05		False	
Cam3II_revWT	24.0	codon_GCT	1	3	-0.0002326804709919736		False	
Cam3II_revWT	24.0	codon_TTA	1	3	-0.0010988210288023145		False	
Cam3II_revWT	24.0	codon_TTC	1	3	-0.0001672117457406008		False	
Cam3II_revWT	24.0	codon_TTG	1	3	-6.584095695053027e-05		False	
Cam3II_revWT	24.0	codon_TTT	1	3	-0.0009623059290643499		False	
Cam3II_revWT	32.0	AAA_AAG_ratio	1	3	-0.010029110987127332		False	
Cam3II_revWT	32.0	AA_A	1	3	0.00027494955426013434		False	
Cam3II_revWT	32.0	AA_D	1	3	0.0006888313972609333		False	
Cam3II_revWT	32.0	AA_F	1	3	-0.0011493018928138699		False	
Cam3II_revWT	32.0	AA_G	1	3	0.000717917585437735		False	
Cam3II_revWT	32.0	AA_I	1	3	-0.001658186447926313		False	
Cam3II_revWT	32.0	AA_K	1	3	0.00014614548053422383		False	
Cam3II_revWT	32.0	AA_N	1	3	-0.0005364757146793242		False	
Cam3II_revWT	32.0	AA_P	1	3	0.000509147725386988		False	
Cam3II_revWT	32.0	AA_Q	1	3	8.594304768355307e-05		False	
Cam3II_revWT	32.0	AA_R	1	3	-1.0234552166334815e-05		False	
Cam3II_revWT	32.0	AA_V	1	3	0.0004072863686250955		False	
Cam3II_revWT	32.0	AA_W	1	3	0.00011570374208053937		False	
Cam3II_revWT	32.0	AA_Y	1	3	-0.0009721186722091366		False	
Cam3II_revWT	32.0	codon_AAA	1	3	7.905833585628019e-05		False	
Cam3II_revWT	32.0	codon_AAC	1	3	5.70026683628308e-05		False	
Cam3II_revWT	32.0	codon_AAG	1	3	6.708714467794363e-05		False	
Cam3II_revWT	32.0	codon_AAT	1	3	-0.0005934783830421481		False	
Cam3II_revWT	32.0	codon_ATA	1	3	-0.0008442263807374797		False	
Cam3II_revWT	32.0	codon_ATC	1	3	-0.00010024594329652477		False	
Cam3II_revWT	32.0	codon_ATT	1	3	-0.0007137141238923103		False	
Cam3II_revWT	32.0	codon_CCA	1	3	0.00018338703051173737		False	
Cam3II_revWT	32.0	codon_CCC	1	3	6.894024144000208e-05		False	
Cam3II_revWT	32.0	codon_CCG	1	3	4.226199797193538e-05		False	
Cam3II_revWT	32.0	codon_CCT	1	3	0.00021455845546330867		False	
Cam3II_revWT	32.0	codon_CTA	1	3	-3.1477892631881846e-05		False	
Cam3II_revWT	32.0	codon_CTC	1	3	-2.0995744582415904e-06		False	
Cam3II_revWT	32.0	codon_CTG	1	3	-2.6876742766515724e-06		False	
Cam3II_revWT	32.0	codon_CTT	1	3	-3.6123523121408055e-05		False	
Cam3II_revWT	32.0	codon_GAA	1	3	0.0015487748066958518		False	
Cam3II_revWT	32.0	codon_GAC	1	3	0.0002156510966433399		False	
Cam3II_revWT	32.0	codon_GAG	1	3	0.000486437291886823		False	
Cam3II_revWT	32.0	codon_GAT	1	3	0.00047318030061759		False	
Cam3II_revWT	32.0	codon_GCA	1	3	0.0002505996898357933		False	
Cam3II_revWT	32.0	codon_GCC	1	3	-1.307560782117358e-05		False	
Cam3II_revWT	32.0	codon_GCG	1	3	5.332219216215507e-05		False	
Cam3II_revWT	32.0	codon_GCT	1	3	-1.589671991664328e-05		False	
Cam3II_revWT	32.0	codon_TTA	1	3	-0.0009070250397512428		False	
Cam3II_revWT	32.0	codon_TTC	1	3	-0.00018854785392013497		False	
Cam3II_revWT	32.0	codon_TTG	1	3	-5.6567872781864564e-05		False	
Cam3II_revWT	32.0	codon_TTT	1	3	-0.0009607540388937366		False	
Cam3II_revWT	40.0	AAA_AAG_ratio	1	3	0.002499205387069381		False	
Cam3II_revWT	40.0	AA_A	1	3	0.0006224316106757076		False	
Cam3II_revWT	40.0	AA_D	1	3	0.0006536848334286333		False	
Cam3II_revWT	40.0	AA_F	1	3	-0.0007601492767312923		False	
Cam3II_revWT	40.0	AA_G	1	3	0.0009550197434310369		False	
Cam3II_revWT	40.0	AA_I	1	3	-0.0009986631478828		False	
Cam3II_revWT	40.0	AA_K	1	3	0.0006639934513625462		False	
Cam3II_revWT	40.0	AA_N	1	3	-0.002483055071727941		False	
Cam3II_revWT	40.0	AA_P	1	3	0.0005717442227389131		False	
Cam3II_revWT	40.0	AA_Q	1	3	-9.703087562523e-06		False	
Cam3II_revWT	40.0	AA_R	1	3	0.0006221650403700936		False	
Cam3II_revWT	40.0	AA_V	1	3	0.0006531014404759922		False	
Cam3II_revWT	40.0	AA_W	1	3	0.00021428553101108562		False	
Cam3II_revWT	40.0	AA_Y	1	3	-0.0008820114429973908		False	
Cam3II_revWT	40.0	codon_AAA	1	3	0.0005516510116466838		False	
Cam3II_revWT	40.0	codon_AAC	1	3	-0.0003071704538046838		False	
Cam3II_revWT	40.0	codon_AAG	1	3	0.00011234243971585539		False	
Cam3II_revWT	40.0	codon_AAT	1	3	-0.0021758846179232433		False	
Cam3II_revWT	40.0	codon_ATA	1	3	-0.0006305109136687317		False	
Cam3II_revWT	40.0	codon_ATC	1	3	-6.90081149784241e-05		False	
Cam3II_revWT	40.0	codon_ATT	1	3	-0.00029914411923562256		False	
Cam3II_revWT	40.0	codon_CCA	1	3	0.00026967099249230846		False	
Cam3II_revWT	40.0	codon_CCC	1	3	0.00011286132511145134		False	
Cam3II_revWT	40.0	codon_CCG	1	3	5.610374610525164e-05		False	
Cam3II_revWT	40.0	codon_CCT	1	3	0.0001331081590299002		False	
Cam3II_revWT	40.0	codon_CTA	1	3	-2.0327981222497023e-05		False	
Cam3II_revWT	40.0	codon_CTC	1	3	-2.06364526602657e-05		False	
Cam3II_revWT	40.0	codon_CTG	1	3	-2.8764223879553267e-05		False	
Cam3II_revWT	40.0	codon_CTT	1	3	-8.498085408175857e-05		False	
Cam3II_revWT	40.0	codon_GAA	1	3	0.001315038253114846		False	
Cam3II_revWT	40.0	codon_GAC	1	3	0.00021064999990598812		False	
Cam3II_revWT	40.0	codon_GAG	1	3	0.00037438976939058004		False	
Cam3II_revWT	40.0	codon_GAT	1	3	0.0004430348335226486		False	
Cam3II_revWT	40.0	codon_GCA	1	3	0.0002935473442258925		False	
Cam3II_revWT	40.0	codon_GCC	1	3	8.445317483021558e-05		False	
Cam3II_revWT	40.0	codon_GCG	1	3	6.204120171547233e-05		False	
Cam3II_revWT	40.0	codon_GCT	1	3	0.00018238988990413197		False	
Cam3II_revWT	40.0	codon_TTA	1	3	-0.00024910153327040163		False	
Cam3II_revWT	40.0	codon_TTC	1	3	-0.00025249035724754076		False	
Cam3II_revWT	40.0	codon_TTG	1	3	-8.804679951105593e-05		False	
Cam3II_revWT	40.0	codon_TTT	1	3	-0.0005076589194837472		False	
Cam3II_revWT	48.0	AAA_AAG_ratio	1	3	-0.035033194962834635		False	
Cam3II_revWT	48.0	AA_A	1	3	0.00045405104027140125		False	
Cam3II_revWT	48.0	AA_D	1	3	-0.00036582753744147933		False	
Cam3II_revWT	48.0	AA_F	1	3	-0.00036199988251200965		False	
Cam3II_revWT	48.0	AA_G	1	3	0.0006713338252700811		False	
Cam3II_revWT	48.0	AA_I	1	3	-2.7977482951815902e-05		False	
Cam3II_revWT	48.0	AA_K	1	3	-0.00020454303430988974		False	
Cam3II_revWT	48.0	AA_N	1	3	-0.003157110131776636		False	
Cam3II_revWT	48.0	AA_P	1	3	0.0007741790136349437		False	
Cam3II_revWT	48.0	AA_Q	1	3	3.586777455403742e-05		False	
Cam3II_revWT	48.0	AA_R	1	3	0.0002449251183128491		False	
Cam3II_revWT	48.0	AA_V	1	3	0.0007266753407014492		False	
Cam3II_revWT	48.0	AA_W	1	3	0.00013501782120408073		False	
Cam3II_revWT	48.0	AA_Y	1	3	-0.0003883605316654243		False	
Cam3II_revWT	48.0	codon_AAA	1	3	-0.0003068431865460297		False	
Cam3II_revWT	48.0	codon_AAC	1	3	-0.00032511845333427214		False	
Cam3II_revWT	48.0	codon_AAG	1	3	0.0001023001522361365		False	
Cam3II_revWT	48.0	codon_AAT	1	3	-0.0028319916784423915		False	
Cam3II_revWT	48.0	codon_ATA	1	3	3.021891903922519e-05		False	
Cam3II_revWT	48.0	codon_ATC	1	3	1.1854258843256235e-05		False	
Cam3II_revWT	48.0	codon_ATT	1	3	-7.005066083429906e-05		False	
Cam3II_revWT	48.0	codon_CCA	1	3	0.0003188138910296817		False	
Cam3II_revWT	48.0	codon_CCC	1	3	6.975038711896702e-05		False	
Cam3II_revWT	48.0	codon_CCG	1	3	1.9819065032986396e-05		False	
Cam3II_revWT	48.0	codon_CCT	1	3	0.00036579567045331215		False	
Cam3II_revWT	48.0	codon_CTA	1	3	0.00012416653359969589		False	
Cam3II_revWT	48.0	codon_CTC	1	3	1.4924636041941915e-05		False	
Cam3II_revWT	48.0	codon_CTG	1	3	1.2340131873146091e-05		False	
Cam3II_revWT	48.0	codon_CTT	1	3	-7.971126615883423e-06		False	
Cam3II_revWT	48.0	codon_GAA	1	3	0.001090639729356517		False	
Cam3II_revWT	48.0	codon_GAC	1	3	3.938324400155381e-05		False	
Cam3II_revWT	48.0	codon_GAG	1	3	0.00034450610968355527		False	
Cam3II_revWT	48.0	codon_GAT	1	3	-0.00040521078144302447		False	
Cam3II_revWT	48.0	codon_GCA	1	3	0.00016697175908767133		False	
Cam3II_revWT	48.0	codon_GCC	1	3	4.833944261486522e-05		False	
Cam3II_revWT	48.0	codon_GCG	1	3	4.3805075557507575e-05		False	
Cam3II_revWT	48.0	codon_GCT	1	3	0.00019493476301135886		False	
Cam3II_revWT	48.0	codon_TTA	1	3	-0.00010296728614226508		False	
Cam3II_revWT	48.0	codon_TTC	1	3	1.9783988729960532e-05		False	
Cam3II_revWT	48.0	codon_TTG	1	3	7.951267579808102e-05		False	
Cam3II_revWT	48.0	codon_TTT	1	3	-0.00038178387124197105		False	
Dd2_C580Y	3.0	AAA_AAG_ratio	3	3	-0.0101840980677812	0.5655518702431158	True	0.739697836511921
Dd2_C580Y	3.0	AA_A	3	3	0.00022170473844599498	0.37683211929450783	True	0.6437548704614509
Dd2_C580Y	3.0	AA_D	3	3	0.00022343204113384196	0.12768570212933666	True	0.6437548704614509
Dd2_C580Y	3.0	AA_F	3	3	-0.00017849523857531302	0.1130860741835931	True	0.6437548704614509
Dd2_C580Y	3.0	AA_G	3	3	0.00030241078645363087	0.2602125343797996	True	0.6437548704614509
Dd2_C580Y	3.0	AA_I	3	3	-0.0004743630136510718	0.12980225005552626	True	0.6437548704614509
Dd2_C580Y	3.0	AA_K	3	3	-0.0007171827311011347	0.30764820034289897	True	0.6437548704614509
Dd2_C580Y	3.0	AA_N	3	3	0.00010750372415935239	0.804521670719246	True	0.8670525356253307
Dd2_C580Y	3.0	AA_P	3	3	0.00012466731648862195	0.2531046954390965	True	0.6437548704614509
Dd2_C580Y	3.0	AA_Q	3	3	-9.592529926685106e-06	0.8248087459988257	True	0.8670525356253307
Dd2_C580Y	3.0	AA_R	3	3	8.975789385222768e-05	0.3310575558314331	True	0.6437548704614509
Dd2_C580Y	3.0	AA_V	3	3	0.0001506265747670335	0.4471583914224746	True	0.6814882548233013
Dd2_C580Y	3.0	AA_W	3	3	3.5754620668232776e-05	0.4487849482982716	True	0.6814882548233013
Dd2_C580Y	3.0	AA_Y	3	3	-0.0003097830235975485	0.10441976603391347	True	0.6437548704614509
Dd2_C580Y	3.0	codon_AAA	3	3	-0.0006268688935647804	0.27127941353300916	True	0.6437548704614509
Dd2_C580Y	3.0	codon_AAC	3	3	-5.2468197371008385e-05	0.40601501690792074	True	0.66586462772899
Dd2_C580Y	3.0	codon_AAG	3	3	-9.031383753634048e-05	0.5318287315178155	True	0.7268325997410146
Dd2_C580Y	3.0	codon_AAT	3	3	0.00015997192153038853	0.6819920446443388	True	0.8018634660490841
Dd2_C580Y	3.0	codon_ATA	3	3	-0.0003283760139600189	0.16282666909710405	True	0.6437548704614509
Dd2_C580Y	3.0	codon_ATC	3	3	-4.589474224172413e-05	0.2511728504377542	True	0.6437548704614509
Dd2_C580Y	3.0	codon_ATT	3	3	-0.00010009225744934958	0.1205228209170122	True	0.6437548704614509
Dd2_C580Y	3.0	codon_CCA	3	3	8.710855314912613e-05	0.20431766735845935	True	0.6437548704614509
Dd2_C580Y	3.0	codon_CCC	3	3	3.3686976159495036e-06	0.8459049128052007	True	0.8670525356253307
Dd2_C580Y	3.0	codon_CCG	3	3	4.2252949316152165e-06	0.6845175929687304	True	0.8018634660490841
Dd2_C580Y	3.0	codon_CCT	3	3	2.996477079193153e-05	0.2717319524267788	True	0.6437548704614509
Dd2_C580Y	3.0	codon_CTA	3	3	-2.568844346066603e-05	0.506375398030669	True	0.7159100454916354
Dd2_C580Y	3.0	codon_CTC	3	3	-2.0029081472489312e-05	0.10630279939748541	True	0.6437548704614509
Dd2_C580Y	3.0	codon_CTG	3	3	-1.1935322834878432e-05	0.4745541889083316	True	0.6948829194729143
Dd2_C580Y	3.0	codon_CTT	3	3	-2.7903703228878904e-05	0.32420988487492874	True	0.6437548704614509
Dd2_C580Y	3.0	codon_GAA	3	3	9.064787878657748e-05	0.8129503677650164	True	0.8670525356253307
Dd2_C580Y	3.0	codon_GAC	3	3	-3.509886769221225e-05	0.12049391182956187	True	0.6437548704614509
Dd2_C580Y	3.0	codon_GAG	3	3	7.070257147145237e-06	0.9258168034017469	True	0.9258168034017469
Dd2_C580Y	3.0	codon_GAT	3	3	0.000258530908826049	0.10909475560868247	True	0.6437548704614509
Dd2_C580Y	3.0	codon_GCA	3	3	0.00010343706098892187	0.33186042059916143	True	0.6437548704614509
Dd2_C580Y	3.0	codon_GCC	3	3	9.085164601254758e-06	0.7230665698975342	True	0.8234924823833027
Dd2_C580Y	3.0	codon_GCG	3	3	7.763052398041675e-06	0.6085586482229821	True	0.7560880174891597
Dd2_C580Y	3.0	codon_GCT	3	3	0.00010141946045778231	0.3469271348792249	True	0.6437548704614509
Dd2_C580Y	3.0	codon_TTA	3	3	7.731252689800738e-05	0.5773251406922311	True	0.739697836511921
Dd2_C580Y	3.0	codon_TTC	3	3	-5.181925438551768e-05	0.18325070327061008	True	0.6437548704614509
Dd2_C580Y	3.0	codon_TTG	3	3	-2.1353163951095752e-05	0.3748750277684761	True	0.6437548704614509
Dd2_C580Y	3.0	codon_TTT	3	3	-0.00012667598418980575	0.22738084969077144	True	0.6437548704614509
Dd2_C580Y	6.0	AAA_AAG_ratio	3	3	0.027042220477637713	0.14513766807067632	True	0.9468330617641831
Dd2_C580Y	6.0	AA_A	3	3	-6.0215400182601214e-05	0.712030986199148	True	0.9468330617641831
Dd2_C580Y	6.0	AA_D	3	3	0.00013454421461177313	0.37037183490555126	True	0.9468330617641831
Dd2_C580Y	6.0	AA_F	3	3	-0.00013476119312196	0.14633220062021068	True	0.9468330617641831
Dd2_C580Y	6.0	AA_G	3	3	-1.7477492445946985e-05	0.9247257654930781	True	0.9721475996209283
Dd2_C580Y	6.0	AA_I	3	3	-0.00017519172366467495	0.4636112527039359	True	0.9468330617641831
Dd2_C580Y	6.0	AA_K	3	3	0.00041219476197727756	0.5958790724705922	True	0.9468330617641831
Dd2_C580Y	6.0	AA_N	3	3	-0.0002909387905672134	0.7428108786777244	True	0.9468330617641831
Dd2_C580Y	6.0	AA_P	3	3	-4.081028893204372e-05	0.6268762969636463	True	0.9468330617641831
Dd2_C580Y	6.0	AA_Q	3	3	2.7475491272552915e-05	0.7092048859702214	True	0.9468330617641831
Dd2_C580Y	6.0	AA_R	3	3	0.0001352256911623939	0.1989423348617141	True	0.9468330617641831
Dd2_C580Y	6.0	AA_V	3	3	-0.0002573092713775288	0.3473635363632355	True	0.9468330617641831
Dd2_C580Y	6.0	AA_W	3	3	2.4962239376972138e-05	0.27943094802232543	True	0.9468330617641831
Dd2_C580Y	6.0	AA_Y	3	3	-6.669671158604507e-05	0.670583224425386	True	0.9468330617641831
Dd2_C580Y	6.0	codon_AAA	3	3	0.00044324765791166343	0.5069131186553181	True	0.9468330617641831
Dd2_C580Y	6.0	codon_AAC	3	3	-9.156760522218907e-05	0.17625200073396227	True	0.9468330617641831
Dd2_C580Y	6.0	codon_AAG	3	3	-3.105289593441363e-05	0.8090924455158206	True	0.9468330617641831
Dd2_C580Y	6.0	codon_AAT	3	3	-0.00019937118534503473	0.8133550767418578	True	0.9468330617641831
Dd2_C580Y	6.0	codon_ATA	3	3	-8.609570045147591e-05	0.6405445317277755	True	0.9468330617641831
Dd2_C580Y	6.0	codon_ATC	3	3	-1.2735766429575017e-05	0.7640961701555259	True	0.9468330617641831
Dd2_C580Y	6.0	codon_ATT	3	3	-7.63602567836058e-05	0.20928426037447836	True	0.9468330617641831
Dd2_C580Y	6.0	codon_CCA	3	3	-5.757484736076263e-06	0.9239665809155982	True	0.9721475996209283
Dd2_C580Y	6.0	codon_CCC	3	3	-1.630903739311025e-05	0.3734461401085936	True	0.9468330617641831
Dd2_C580Y	6.0	codon_CCG	3	3	-5.0373213711273545e-06	0.4019421537608592	True	0.9468330617641831
Dd2_C580Y	6.0	codon_CCT	3	3	-1.370644543172584e-05	0.7570776393931398	True	0.9468330617641831
Dd2_C580Y	6.0	codon_CTA	3	3	1.6420061985023514e-05	0.7061827423170842	True	0.9468330617641831
Dd2_C580Y	6.0	codon_CTC	3	3	7.779389619034377e-08	0.9959864728146931	True	0.9959864728146931
Dd2_C580Y	6.0	codon_CTG	3	3	4.226142891575061e-06	0.8663669059729502	True	0.9600281931051611
Dd2_C580Y	6.0	codon_CTT	3	3	1.1564978855214264e-05	0.7078010258485681	True	0.9468330617641831
Dd2_C580Y	6.0	codon_GAA	3	3	0.00033626335236479343	0.453948994949182	True	0.9468330617641831
Dd2_C580Y	6.0	codon_GAC	3	3	-1.874383427601621e-05	0.706096154138476	True	0.9468330617641831
Dd2_C580Y	6.0	codon_GAG	3	3	1.997464996827611e-06	0.984883375653061	True	0.9959864728146931
Dd2_C580Y	6.0	codon_GAT	3	3	0.00015328804888778413	0.41560086618852954	True	0.9468330617641831
Dd2_C580Y	6.0	codon_GCA	3	3	1.5170796432322983e-05	0.8313656152075755	True	0.9468330617641831
Dd2_C580Y	6.0	codon_GCC	3	3	-2.688427157308956e-05	0.03832036836055895	True	0.9468330617641831
Dd2_C580Y	6.0	codon_GCG	3	3	4.687516862846974e-06	0.43033062202756756	True	0.9468330617641831
Dd2_C580Y	6.0	codon_GCT	3	3	-5.318944190467814e-05	0.5412143042245237	True	0.9468330617641831
Dd2_C580Y	6.0	codon_TTA	3	3	-2.9893174274681078e-05	0.7723588357931641	True	0.9468330617641831
Dd2_C580Y	6.0	codon_TTC	3	3	-2.1369720851730986e-05	0.703690100756573	True	0.9468330617641831
Dd2_C580Y	6.0	codon_TTG	3	3	-5.5808560617098824e-05	0.13807675568863442	True	0.9468330617641831
Dd2_C580Y	6.0	codon_TTT	3	3	-0.00011339147227023422	0.1876976414430938	True	0.9468330617641831
Dd2_C580Y	24.0	AAA_AAG_ratio	3	3	0.018653175617689755	0.09627187911785508	False	0.15788588175328233
Dd2_C580Y	24.0	AA_A	3	3	3.1137278111867395e-05	0.8688343551053579	False	0.9094962204967766
Dd2_C580Y	24.0	AA_D	3	3	0.0006164205492992236	0.03996070114776827	False	0.08623098668728942
Dd2_C580Y	24.0	AA_F	3	3	-0.0007723419810009222	0.01385008759346157	False	0.05329697066540079
Dd2_C580Y	24.0	AA_G	3	3	0.00041722453719086547	0.07308432770816597	False	0.12485239316811687
Dd2_C580Y	24.0	AA_I	3	3	-0.0012433059066285085	0.019890528243808284	False	0.056374307301598994
Dd2_C580Y	24.0	AA_K	3	3	0.00034910036873686545	0.1586082370927928	False	0.23875698390415104
Dd2_C580Y	24.0	AA_N	3	3	-0.00033311864620166887	0.5319315137295126	False	0.6608846079669702
Dd2_C580Y	24.0	AA_P	3	3	0.0004634526140624533	0.025374751551817676	False	0.0650228008515328
Dd2_C580Y	24.0	AA_Q	3	3	0.0001227883955417959	0.0030655206862446717	False	0.03142158703400789
Dd2_C580Y	24.0	AA_R	3	3	6.659316648259875e-05	0.3445208788746742	False	0.45565664625360136
Dd2_C580Y	24.0	AA_V	3	3	-7.35984404657275e-05	0.6112280190489282	False	0.7160099651716015
Dd2_C580Y	24.0	AA_W	3	3	0.0001673693700084758	0.0017606399049894886	False	0.02406207870152301
Dd2_C580Y	24.0	AA_Y	3	3	-0.0006043468600513691	0.02062474657375573	False	0.056374307301598994
Dd2_C580Y	24.0	codon_AAA	3	3	0.00035832638251449833	0.1253318394411415	False	0.19763866988795392
Dd2_C580Y	24.0	codon_AAC	3	3	6.322034433216273e-07	0.9910659828156461	False	0.9910659828156461
Dd2_C580Y	24.0	codon_AAG	3	3	-9.22601377763635e-06	0.8313619231648959	False	0.8969957592042298
Dd2_C580Y	24.0	codon_AAT	3	3	-0.00033375084964497315	0.48670442920556334	False	0.6235900499196281
Dd2_C580Y	24.0	codon_ATA	3	3	-0.0006185583742158024	0.03474524204693283	False	0.0805082939622134
Dd2_C580Y	24.0	codon_ATC	3	3	-9.686410540740101e-05	0.046431873265955666	False	0.09388673966481156
Dd2_C580Y	24.0	codon_ATT	3	3	-0.0005278834270053198	0.014354262602383218	False	0.05329697066540079
Dd2_C580Y	24.0	codon_CCA	3	3	0.00016766656640864776	0.06435061190172829	False	0.11471196034655913
Dd2_C580Y	24.0	codon_CCC	3	3	6.9448044826352e-05	0.005871239813580015	False	0.04012013872613011
Dd2_C580Y	24.0	codon_CCG	3	3	4.120892277025142e-05	0.0011334099630996965	False	0.02323490424354378
Dd2_C580Y	24.0	codon_CCT	3	3	0.0001851290800571996	0.015599113365483159	False	0.05329697066540079
Dd2_C580Y	24.0	codon_CTA	3	3	-7.591152440537992e-06	0.8165591128278369	False	0.8969957592042298
Dd2_C580Y	24.0	codon_CTC	3	3	3.665178362204048e-06	0.7643739315645509	False	0.870536977615183
Dd2_C580Y	24.0	codon_CTG	3	3	-1.9177473796663357e-06	0.8873133858505138	False	0.9094962204967766
Dd2_C580Y	24.0	codon_CTT	3	3	-5.797046342941384e-05	0.1753516831860689	False	0.2479110003665112
Dd2_C580Y	24.0	codon_GAA	3	3	0.0007623593319156241	0.01784725273719892	False	0.05628748940193506
Dd2_C580Y	24.0	codon_GAC	3	3	0.00010740161896237096	0.0055697481246560826	False	0.04012013872613011
Dd2_C580Y	24.0	codon_GAG	3	3	0.00029623828307752224	0.00041374806453546505	False	0.016963670645954068
Dd2_C580Y	24.0	codon_GAT	3	3	0.0005090189303368631	0.05522414055292047	False	0.10291771648498815
Dd2_C580Y	24.0	codon_GCA	3	3	0.0001324554761971096	0.16305354998332267	False	0.23875698390415104
Dd2_C580Y	24.0	codon_GCC	3	3	-1.4617174144423463e-05	0.5966138951940331	False	0.7160099651716015
Dd2_C580Y	24.0	codon_GCG	3	3	4.094296734097379e-05	0.009944739092962621	False	0.05096678785143344
Dd2_C580Y	24.0	codon_GCT	3	3	-0.00012764399128179296	0.220931115835783	False	0.3019391916422368
Dd2_C580Y	24.0	codon_TTA	3	3	-0.0006056355146790982	0.01491512109088106	False	0.05329697066540079
Dd2_C580Y	24.0	codon_TTC	3	3	-0.0001315028304300662	0.048088330072220555	False	0.09388673966481156
Dd2_C580Y	24.0	codon_TTG	3	3	-0.00011311917510368509	0.03534510466633759	False	0.0805082939622134
Dd2_C580Y	24.0	codon_TTT	3	3	-0.0006408391505708516	0.008165684915036088	False	0.047827583073782806
Dd2_C580Y	32.0	AAA_AAG_ratio	3	3	0.0419341626715255	0.02836410373659569	False	0.06840754430590724
Dd2_C580Y	32.0	AA_A	3	3	0.00016924935752568593	0.4295883347471798	False	0.4635032032798519
Dd2_C580Y	32.0	AA_D	3	3	0.0005850210526621158	0.014249311865040859	False	0.04391491100662919
Dd2_C580Y	32.0	AA_F	3	3	-0.0007872194927378284	0.006290345209648485	False	0.04322300877459677
Dd2_C580Y	32.0	AA_G	3	3	0.000386204391847441	0.1578517190621218	False	0.2087716284369998
Dd2_C580Y	32.0	AA_I	3	3	-0.0009007227080085611	0.01117490312221183	False	0.04391491100662919
Dd2_C580Y	32.0	AA_K	3	3	0.0005925815631528525	0.12711231145942414	False	0.17372015899454632
Dd2_C580Y	32.0	AA_N	3	3	-0.0005196880144597849	0.23239091779384802	False	0.280236106751405
Dd2_C580Y	32.0	AA_P	3	3	0.00029462989537512585	0.0650622767657104	False	0.10734516787730432
Dd2_C580Y	32.0	AA_Q	3	3	6.0431607160540274e-05	0.17295127057198384	False	0.2215938154203543
Dd2_C580Y	32.0	AA_R	3	3	0.00013245531192974253	0.046488073960863636	False	0.09530055161977045
Dd2_C580Y	32.0	AA_V	3	3	3.2550525457739066e-05	0.7479024085361237	False	0.7479024085361237
Dd2_C580Y	32.0	AA_W	3	3	0.00010465520457040006	0.06545437065689287	False	0.10734516787730432
Dd2_C580Y	32.0	AA_Y	3	3	-0.0007266577993493839	0.01360756332695452	False	0.04391491100662919
Dd2_C580Y	32.0	codon_AAA	3	3	0.0006489202369519276	0.06481716455550493	False	0.10734516787730432
Dd2_C580Y	32.0	codon_AAC	3	3	-0.0001006509957925325	0.013984241013567157	False	0.04391491100662919
Dd2_C580Y	32.0	codon_AAG	3	3	-5.633867379905427e-05	0.4017874059651015	False	0.445223882285653
Dd2_C580Y	32.0	codon_AAT	3	3	-0.0004190370186672454	0.29273831867686845	False	0.34292203045004593
Dd2_C580Y	32.0	codon_ATA	3	3	-0.0004968766621093468	0.04200277188947582	False	0.09337811492460357
Dd2_C580Y	32.0	codon_ATC	3	3	-0.00010394772833546232	0.002183462945795729	False	0.03996326680010856
Dd2_C580Y	32.0	codon_ATT	3	3	-0.0002998983175637668	0.0032462340142571603	False	0.03996326680010856
Dd2_C580Y	32.0	codon_CCA	3	3	0.00011849756585848546	0.10735949850610241	False	0.15178411857759305
Dd2_C580Y	32.0	codon_CCC	3	3	5.048988841388968e-05	0.04902722510746785	False	0.09541367919457779
Dd2_C580Y	32.0	codon_CCG	3	3	3.8176779323057376e-05	0.025901747784855097	False	0.06637322869869118
Dd2_C580Y	32.0	codon_CCT	3	3	8.746566177969279e-05	0.051197583958066124	False	0.09541367919457779
Dd2_C580Y	32.0	codon_CTA	3	3	-4.932680285364352e-05	0.04327278496506019	False	0.09337811492460357
Dd2_C580Y	32.0	codon_CTC	3	3	-1.1201507836927855e-05	0.30547735190624514	False	0.3479047618932236
Dd2_C580Y	32.0	codon_CTG	3	3	-1.3329537009813429e-05	0.09066483085135338	False	0.1429714640348265
Dd2_C580Y	32.0	codon_CTT	3	3	-4.879974664145047e-05	0.19195657300925528	False	0.23849149979937778
Dd2_C580Y	32.0	codon_GAA	3	3	0.0008543592847978371	0.011391300856127858	False	0.04391491100662919
Dd2_C580Y	32.0	codon_GAC	3	3	6.916802311522641e-05	0.006560276775377753	False	0.04322300877459677
Dd2_C580Y	32.0	codon_GAG	3	3	0.00021862015277009095	0.0014419903258395047	False	0.03996326680010856
Dd2_C580Y	32.0	codon_GAT	3	3	0.0005158530295468963	0.021057505589205296	False	0.05755718194382781
Dd2_C580Y	32.0	codon_GCA	3	3	0.00016004323990082003	0.0998777119724391	False	0.1516661552174075
Dd2_C580Y	32.0	codon_GCC	3	3	1.1057121463661692e-05	0.7012773831502952	False	0.7188093177290525
Dd2_C580Y	32.0	codon_GCG	3	3	3.873355564386208e-05	0.10477045386583694	False	0.15178411857759305
Dd2_C580Y	32.0	codon_GCT	3	3	-4.058455948265441e-05	0.6441841422479317	False	0.6772192264657744
Dd2_C580Y	32.0	codon_TTA	3	3	-0.00032440735228221607	0.01499533546567826	False	0.04391491100662919
Dd2_C580Y	32.0	codon_TTC	3	3	-0.00022368300482978904	0.003898855297571567	False	0.03996326680010856
Dd2_C580Y	32.0	codon_TTG	3	3	-0.00011307731910647524	0.008464250155338098	False	0.043379282046107755
Dd2_C580Y	32.0	codon_TTT	3	3	-0.0005635364879080298	0.00737953808346774	False	0.04322300877459677
Dd2_C580Y	48.0	AAA_AAG_ratio	3	3	0.0021184629685651046	0.8359395098876715	False	0.8788082027024239
Dd2_C580Y	48.0	AA_A	3	3	5.937093902432314e-05	0.8245845094744697	False	0.8788082027024239
Dd2_C580Y	48.0	AA_D	3	3	-0.0003024378550468415	0.012759583405209494	False	0.07148869443886452
Dd2_C580Y	48.0	AA_F	3	3	-0.0001585099125893455	0.15828216905613823	False	0.341556259542193
Dd2_C580Y	48.0	AA_G	3	3	0.00013080478454283867	0.6686233377151655	False	0.8767099959545114
Dd2_C580Y	48.0	AA_I	3	3	-6.581328385205087e-05	0.8098206371744714	False	0.8788082027024239
Dd2_C580Y	48.0	AA_K	3	3	0.0008095174085753082	0.174261775195955	False	0.3572366391517078
Dd2_C580Y	48.0	AA_N	3	3	-0.001569163424730291	0.0390497227288966	False	0.12315681783728927
Dd2_C580Y	48.0	AA_P	3	3	0.00016429310172512424	0.3559885590901462	False	0.5838212369078398
Dd2_C580Y	48.0	AA_Q	3	3	0.00020534924179892514	0.018184340934363184	False	0.07455579783088906
Dd2_C580Y	48.0	AA_R	3	3	8.951839234792869e-05	0.19801351700939485	False	0.36575614711445154
Dd2_C580Y	48.0	AA_V	3	3	-6.493644317646236e-05	0.7056446308902165	False	0.8767099959545114
Dd2_C580Y	48.0	AA_W	3	3	4.601038370099803e-05	0.4235516147023388	False	0.6679083154921497
Dd2_C580Y	48.0	AA_Y	3	3	-6.680323390726578e-05	0.6935221936024706	False	0.8767099959545114
Dd2_C580Y	48.0	codon_AAA	3	3	0.0006704498785050084	0.19321792922624276	False	0.36575614711445154
Dd2_C580Y	48.0	codon_AAC	3	3	-6.223427371775808e-05	0.11318527466831191	False	0.27297625067063463
Dd2_C580Y	48.0	codon_AAG	3	3	0.00013906753007025818	0.10067971990842245	False	0.25799178226533254
Dd2_C580Y	48.0	codon_AAT	3	3	-0.0015069291510125121	0.037329236969494396	False	0.12315681783728927
Dd2_C580Y	48.0	codon_ATA	3	3	-1.0477244200161884e-05	0.9544823486306919	False	0.9544823486306919
Dd2_C580Y	48.0	codon_ATC	3	3	5.659570811674536e-05	0.06345916992530679	False	0.1855562170621176
Dd2_C580Y	48.0	codon_ATT	3	3	-0.00011193174776861353	0.2051802776495704	False	0.36575614711445154
Dd2_C580Y	48.0	codon_CCA	3	3	5.8512934624700697e-05	0.4676336904128789	False	0.6847493323902869
Dd2_C580Y	48.0	codon_CCC	3	3	2.04707972820857e-05	0.4646397819363734	False	0.6847493323902869
Dd2_C580Y	48.0	codon_CCG	3	3	-3.2595756967615606e-06	0.8004964815818872	False	0.8788082027024239
Dd2_C580Y	48.0	codon_CCT	3	3	8.856894551510092e-05	0.13819040328737098	False	0.3147670297101228
Dd2_C580Y	48.0	codon_CTA	3	3	7.469210788226682e-05	0.0004435265279005228	False	0.018184587643921436
Dd2_C580Y	48.0	codon_CTC	3	3	3.871004852540501e-05	0.011547192523151844	False	0.07148869443886452
Dd2_C580Y	48.0	codon_CTG	3	3	1.9979314173287693e-05	0.008807816084007988	False	0.07148869443886452
Dd2_C580Y	48.0	codon_CTT	3	3	5.9570586418805985e-05	0.011532657686869495	False	0.07148869443886452
Dd2_C580Y	48.0	codon_GAA	3	3	0.0005925651375172647	0.013949013549046735	False	0.07148869443886452
Dd2_C580Y	48.0	codon_GAC	3	3	3.905608300717317e-05	0.2613739503850146	False	0.4465138319077333
Dd2_C580Y	48.0	codon_GAG	3	3	9.493314911559157e-05	0.017622515630177485	False	0.07455579783088906
Dd2_C580Y	48.0	codon_GAT	3	3	-0.0003414939380540216	0.007597244117241604	False	0.07148869443886452
Dd2_C580Y	48.0	codon_GCA	3	3	3.0938715457796626e-05	0.7689142208932833	False	0.8788082027024239
Dd2_C580Y	48.0	codon_GCC	3	3	8.857498458301246e-06	0.7921553479455945	False	0.8788082027024239
Dd2_C580Y	48.0	codon_GCG	3	3	9.807249368963544e-06	0.5842951580789557	False	0.7985367160412394
Dd2_C580Y	48.0	codon_GCT	3	3	9.76747573925782e-06	0.9305007125144811	False	0.9537632303273431
Dd2_C580Y	48.0	codon_TTA	3	3	-0.00018354970877074162	0.02745493018328417	False	0.10233201250133192
Dd2_C580Y	48.0	codon_TTC	3	3	7.948981088844089e-05	0.007011242133670426	False	0.07148869443886452
Dd2_C580Y	48.0	codon_TTG	3	3	1.9897874416033995e-05	0.5373775270364725	False	0.7597406416722542
Dd2_C580Y	48.0	codon_TTT	3	3	-0.00023799972347778725	0.0678864208763845	False	0.1855562170621176
Dd2_R539T	3.0	AAA_AAG_ratio	3	3	0.01593759072474299	0.3874829442137013	True	0.8592957807583157
Dd2_R539T	3.0	AA_A	3	3	-0.0001500685533081525	0.580294323110133	True	0.8592957807583157
Dd2_R539T	3.0	AA_D	3	3	-0.00014423174050620657	0.6121931222618525	True	0.8592957807583157
Dd2_R539T	3.0	AA_F	3	3	4.867533057548168e-05	0.8454491566096594	True	0.9628726505832231
Dd2_R539T	3.0	AA_G	3	3	-0.00021408244558296027	0.5139597828366829	True	0.8592957807583157
Dd2_R539T	3.0	AA_I	3	3	0.0003193875661918061	0.5043238716176287	True	0.8592957807583157
Dd2_R539T	3.0	AA_K	3	3	0.0006647811561695249	0.3769275575433788	True	0.8592957807583157
Dd2_R539T	3.0	AA_N	3	3	-0.000630592312040823	0.4549953103009361	True	0.8592957807583157
Dd2_R539T	3.0	AA_P	3	3	-4.621295648513449e-05	0.7498103416890689	True	0.8783492574071949
Dd2_R539T	3.0	AA_Q	3	3	0.0001005668779407165	0.13347136547941219	True	0.8592957807583157
Dd2_R539T	3.0	AA_R	3	3	2.2818459191567553e-05	0.6125309636216578	True	0.8592957807583157
Dd2_R539T	3.0	AA_V	3	3	-0.0003103045809745228	0.1892652881042943	True	0.8592957807583157
Dd2_R539T	3.0	AA_W	3	3	2.715915101884469e-05	0.7037076853651896	True	0.8783492574071949
Dd2_R539T	3.0	AA_Y	3	3	0.00012862212261224165	0.6182314388681517	True	0.8592957807583157
Dd2_R539T	3.0	codon_AAA	3	3	0.0006065811987596148	0.3523952663044745	True	0.8592957807583157
Dd2_R539T	3.0	codon_AAC	3	3	-6.471197326614331e-05	0.5826709089414999	True	0.8592957807583157
Dd2_R539T	3.0	codon_AAG	3	3	5.819995740991013e-05	0.6477755956345029	True	0.8592957807583157
Dd2_R539T	3.0	codon_AAT	3	3	-0.0005658803387746936	0.44213695768853956	True	0.8592957807583157
Dd2_R539T	3.0	codon_ATA	3	3	0.00022747507806430978	0.48849778402848487	True	0.8592957807583157
Dd2_R539T	3.0	codon_ATC	3	3	3.3878889419591135e-05	0.4634762663933098	True	0.8592957807583157
Dd2_R539T	3.0	codon_ATT	3	3	5.803359870789476e-05	0.6497114439879947	True	0.8592957807583157
Dd2_R539T	3.0	codon_CCA	3	3	-5.659302591557065e-05	0.510194447662192	True	0.8592957807583157
Dd2_R539T	3.0	codon_CCC	3	3	7.909669825238198e-06	0.7365722710598825	True	0.8783492574071949
Dd2_R539T	3.0	codon_CCG	3	3	1.5482299036361467e-07	0.9890101772608002	True	0.9890101772608002
Dd2_R539T	3.0	codon_CCT	3	3	2.3155766148324e-06	0.9507870706547328	True	0.9745567474211011
Dd2_R539T	3.0	codon_CTA	3	3	7.316482578886667e-05	0.24479149327325717	True	0.8592957807583157
Dd2_R539T	3.0	codon_CTC	3	3	2.129712228783132e-05	0.3165901261976165	True	0.8592957807583157
Dd2_R539T	3.0	codon_CTG	3	3	2.7570903369094355e-05	0.2471056044595726	True	0.8592957807583157
Dd2_R539T	3.0	codon_CTT	3	3	5.789320603961923e-05	0.39061048072058596	True	0.8592957807583157
Dd2_R539T	3.0	codon_GAA	3	3	0.00016520235752785078	0.5999438533424233	True	0.8592957807583157
Dd2_R539T	3.0	codon_GAC	3	3	3.2789679546910144e-05	0.08903802551888965	True	0.8592957807583157
Dd2_R539T	3.0	codon_GAG	3	3	7.705900725936757e-06	0.9270662857318805	True	0.9745567474211011
Dd2_R539T	3.0	codon_GAT	3	3	-0.00017702142005312366	0.5377759037224765	True	0.8592957807583157
Dd2_R539T	3.0	codon_GCA	3	3	-5.941266755547098e-05	0.597478810470943	True	0.8592957807583157
Dd2_R539T	3.0	codon_GCC	3	3	-1.4449498330729692e-05	0.715057258015618	True	0.8783492574071949
Dd2_R539T	3.0	codon_GCG	3	3	7.628052170722795e-06	0.4613539493103391	True	0.8592957807583157
Dd2_R539T	3.0	codon_GCT	3	3	-8.383443959267701e-05	0.4703425856683183	True	0.8592957807583157
Dd2_R539T	3.0	codon_TTA	3	3	-3.531796963582301e-05	0.8698874224053882	True	0.9639293059086734
Dd2_R539T	3.0	codon_TTC	3	3	3.383528919535545e-05	0.5925247114638929	True	0.8592957807583157
Dd2_R539T	3.0	codon_TTG	3	3	1.8494001930638784e-05	0.6084685997992232	True	0.8592957807583157
Dd2_R539T	3.0	codon_TTT	3	3	1.4840041380123625e-05	0.9381938823216704	True	0.9745567474211011
Dd2_R539T	6.0	AAA_AAG_ratio	3	3	0.018977266368700008	0.32935477699791993	True	0.7660670703376662
Dd2_R539T	6.0	AA_A	3	3	-0.00027261265366649093	0.09049721242504333	True	0.5422633478263094
Dd2_R539T	6.0	AA_D	3	3	0.00010362414656030217	0.6399494797911119	True	0.8436522938707416
Dd2_R539T	6.0	AA_F	3	3	-7.90867418496502e-05	0.6227425869937423	True	0.8436522938707416
Dd2_R539T	6.0	AA_G	3	3	-0.00025403269271662143	0.08113811924555188	True	0.5422633478263094
Dd2_R539T	6.0	AA_I	3	3	-1.9695076660122823e-05	0.9439812045713316	True	0.9771933122127653
Dd2_R539T	6.0	AA_K	3	3	0.00048075533827365846	0.11903341781553131	True	0.5422633478263094
Dd2_R539T	6.0	AA_N	3	3	0.00028828901432961795	0.4828647694718702	True	0.8436522938707416
Dd2_R539T	6.0	AA_P	3	3	-0.0001435928199508968	0.041709574758774084	True	0.5422633478263094
Dd2_R539T	6.0	AA_Q	3	3	4.069051276602703e-05	0.5498561814592101	True	0.8436522938707416
Dd2_R539T	6.0	AA_R	3	3	3.3849255105258824e-05	0.3509810150085349	True	0.7660670703376662
Dd2_R539T	6.0	AA_V	3	3	-0.0002860664139340205	0.11736087003630824	True	0.5422633478263094
Dd2_R539T	6.0	AA_W	3	3	6.7090662867431636e-06	0.8568904408516714	True	0.9496714295911797
Dd2_R539T	6.0	AA_Y	3	3	7.110473744219997e-05	0.6458228164059112	True	0.8436522938707416
Dd2_R539T	6.0	codon_AAA	3	3	0.00046741454589697973	0.09229019467586326	True	0.5422633478263094
Dd2_R539T	6.0	codon_AAC	3	3	-4.910395031245546e-05	0.2698247358848511	True	0.7375209447519264
Dd2_R539T	6.0	codon_AAG	3	3	1.3340792376661387e-05	0.8570205584115524	True	0.9496714295911797
Dd2_R539T	6.0	codon_AAT	3	3	0.0003373929646420526	0.3736912538232518	True	0.7660670703376662
Dd2_R539T	6.0	codon_ATA	3	3	1.1451722554393917e-05	0.9501307160735819	True	0.9771933122127653
Dd2_R539T	6.0	codon_ATC	3	3	-1.2709875780158968e-05	0.6584603269235056	True	0.8436522938707416
Dd2_R539T	6.0	codon_ATT	3	3	-1.8436923434367314e-05	0.8065810491679216	True	0.9448520861681368
Dd2_R539T	6.0	codon_CCA	3	3	-6.737004850627601e-05	0.10468353595163252	True	0.5422633478263094
Dd2_R539T	6.0	codon_CCC	3	3	-1.9089957394434042e-05	0.3636434862192879	True	0.7660670703376662
Dd2_R539T	6.0	codon_CCG	3	3	-8.706816961840877e-06	0.21142195930658436	True	0.6191643093978543
Dd2_R539T	6.0	codon_CCT	3	3	-4.842599708834369e-05	0.0520547377278783	True	0.5422633478263094
Dd2_R539T	6.0	codon_CTA	3	3	1.9475071282785798e-05	0.5405936205069574	True	0.8436522938707416
Dd2_R539T	6.0	codon_CTC	3	3	-6.235394202693326e-06	0.7046110560092725	True	0.867590849671588
Dd2_R539T	6.0	codon_CTG	3	3	8.969755855034109e-06	0.5008070292068504	True	0.8436522938707416
Dd2_R539T	6.0	codon_CTT	3	3	3.0460157263816068e-06	0.9533593289880637	True	0.9771933122127653
Dd2_R539T	6.0	codon_GAA	3	3	0.0002538432617708586	0.33345255343597846	True	0.7660670703376662
Dd2_R539T	6.0	codon_GAC	3	3	-3.904702487514053e-05	0.16197057987014443	True	0.6037085249705384
Dd2_R539T	6.0	codon_GAG	3	3	1.7937131078296642e-06	0.9829730076817338	True	0.9829730076817338
Dd2_R539T	6.0	codon_GAT	3	3	0.00014267117143543923	0.5460144820098725	True	0.8436522938707416
Dd2_R539T	6.0	codon_GCA	3	3	-7.957016144390441e-05	0.1859307992760433	True	0.6191643093978543
Dd2_R539T	6.0	codon_GCC	3	3	-4.864280141822367e-05	0.13399936350017735	True	0.5493973903507271
Dd2_R539T	6.0	codon_GCG	3	3	-7.13378948023367e-06	0.4367138182093827	True	0.8436522938707416
Dd2_R539T	6.0	codon_GCT	3	3	-0.00013726590132412744	0.032280819174117965	True	0.5422633478263094
Dd2_R539T	6.0	codon_TTA	3	3	-3.696328239811281e-05	0.6185406713161911	True	0.8436522938707416
Dd2_R539T	6.0	codon_TTC	3	3	-1.5532854998260952e-05	0.7194655826544876	True	0.867590849671588
Dd2_R539T	6.0	codon_TTG	3	3	-3.381001079102129e-05	0.2091418360573168	True	0.6191643093978543
Dd2_R539T	6.0	codon_TTT	3	3	-6.355388685139185e-05	0.5911683206767275	True	0.8436522938707416
Dd2_R539T	24.0	AAA_AAG_ratio	3	3	0.03330949874047562	0.06872725310225343	False	0.19854097576684435
Dd2_R539T	24.0	AA_A	3	3	-0.0002020382607871088	0.3797836755871546	False	0.47185244542646476
Dd2_R539T	24.0	AA_D	3	3	0.00046516671440094415	0.15124969789961304	False	0.26961902669061455
Dd2_R539T	24.0	AA_F	3	3	-0.0007541869605845603	0.025564375600437356	False	0.17979048532684758
Dd2_R539T	24.0	AA_G	3	3	-5.83938252058519e-05	0.7643082664489667	False	0.8035035621642983
Dd2_R539T	24.0	AA_I	3	3	-0.0008555258834644225	0.07263694235372355	False	0.19854097576684435
Dd2_R539T	24.0	AA_K	3	3	0.0007689734890861943	0.0960735967662076	False	0.2101867043351743
Dd2_R539T	24.0	AA_N	3	3	0.0009479579151463746	0.30921631292728224	False	0.43716789069029555
Dd2_R539T	24.0	AA_P	3	3	0.00013343844107301453	0.3733796416529072	False	0.47185244542646476
Dd2_R539T	24.0	AA_Q	3	3	0.00013203493450916065	0.06799398931126444	False	0.19854097576684435
Dd2_R539T	24.0	AA_R	3	3	-0.00015360307298392661	0.030416966798729843	False	0.17979048532684758
Dd2_R539T	24.0	AA_V	3	3	-0.0003923003442570655	0.06765129817690602	False	0.19854097576684435
Dd2_R539T	24.0	AA_W	3	3	5.289870102595951e-05	0.34730083543729995	False	0.4593333629977193
Dd2_R539T	24.0	AA_Y	3	3	-0.000349963227560951	0.11449509825290585	False	0.234714951418457
Dd2_R539T	24.0	codon_AAA	3	3	0.0007594107586428173	0.09464116281738055	False	0.2101867043351743
Dd2_R539T	24.0	codon_AAC	3	3	0.0001449595771355304	0.1351199807929685	False	0.2518145096596231
Dd2_R539T	24.0	codon_AAG	3	3	9.562730443370138e-06	0.8787537387768981	False	0.8787537387768981
Dd2_R539T	24.0	codon_AAT	3	3	0.0008029983380108408	0.33801197162618934	False	0.4593333629977193
Dd2_R539T	24.0	codon_ATA	3	3	-0.000381304941050202	0.17372199241671485	False	0.29677507037855455
Dd2_R539T	24.0	codon_ATC	3	3	-6.665328510029826e-05	0.09740359469191004	False	0.2101867043351743
Dd2_R539T	24.0	codon_ATT	3	3	-0.00040756765731393696	0.008536711768081356	False	0.11666839416377854
Dd2_R539T	24.0	codon_CCA	3	3	1.4322284635855456e-05	0.8037356195137821	False	0.8238290100016267
Dd2_R539T	24.0	codon_CCC	3	3	2.8842535407005467e-05	0.28753642966340137	False	0.4210354862928377
Dd2_R539T	24.0	codon_CCG	3	3	2.4990103005375838e-05	0.05809898879765977	False	0.19854097576684435
Dd2_R539T	24.0	codon_CCT	3	3	6.52835180247795e-05	0.27814066860307113	False	0.4210354862928377
Dd2_R539T	24.0	codon_CTA	3	3	-2.7524018104256066e-05	0.5558500996484039	False	0.6702898260466048
Dd2_R539T	24.0	codon_CTC	3	3	7.194325547220121e-06	0.7253297172806066	False	0.8035035621642983
Dd2_R539T	24.0	codon_CTG	3	3	-4.900661424062395e-06	0.7585031888569501	False	0.8035035621642983
Dd2_R539T	24.0	codon_CTT	3	3	-2.5464967722443194e-05	0.704650690675276	False	0.8025188421579532
Dd2_R539T	24.0	codon_GAA	3	3	0.0005008182265472672	0.13458182051680237	False	0.2518145096596231
Dd2_R539T	24.0	codon_GAC	3	3	7.440531408600855e-05	0.0015316923748701177	False	0.06279938736967483
Dd2_R539T	24.0	codon_GAG	3	3	0.00016338773381099382	0.03724742259820928	False	0.19089304081582256
Dd2_R539T	24.0	codon_GAT	3	3	0.00039076140031493733	0.21523446157035545	False	0.3529845169753829
Dd2_R539T	24.0	codon_GCA	3	3	3.202051800834001e-05	0.7025612239015584	False	0.8025188421579532
Dd2_R539T	24.0	codon_GCC	3	3	-4.59898732328495e-05	0.2638332232569879	False	0.4160446982129424
Dd2_R539T	24.0	codon_GCG	3	3	2.8026507238978907e-05	0.06819784156417942	False	0.19854097576684435
Dd2_R539T	24.0	codon_GCT	3	3	-0.00021609541280157712	0.06274848833076066	False	0.19854097576684435
Dd2_R539T	24.0	codon_TTA	3	3	-0.0006728630503685801	0.00723870117487143	False	0.11666839416377854
Dd2_R539T	24.0	codon_TTC	3	3	-0.0001307030240012188	0.09030613936948047	False	0.2101867043351743
Dd2_R539T	24.0	codon_TTG	3	3	-0.00013767309345397334	0.03069593651921788	False	0.17979048532684758
Dd2_R539T	24.0	codon_TTT	3	3	-0.0006234839365833536	0.017421939164355943	False	0.17857487643464842
Dd2_R539T	32.0	AAA_AAG_ratio	3	3	0.057968906050157365	0.008431173781179952	False	0.1504303479226132
Dd2_R539T	32.0	AA_A	3	3	0.00018787813597016118	0.29338440713196207	False	0.41478485146242916
Dd2_R539T	32.0	AA_D	3	3	-0.0002400546309537649	0.34747885302124454	False	0.45625814922574626
Dd2_R539T	32.0	AA_F	3	3	0.00010191276034739877	0.6053190284080819	False	0.6531073727560884
Dd2_R539T	32.0	AA_G	3	3	0.00013529881525364482	0.3688390414394929	False	0.45625814922574626
Dd2_R539T	32.0	AA_I	3	3	0.0005819253757815557	0.09793817040700843	False	0.22434950502788928
Dd2_R539T	32.0	AA_K	3	3	0.0005805181264079695	0.07787911121002403	False	0.22434950502788928
Dd2_R539T	32.0	AA_N	3	3	-0.0022656884647544173	0.04427800895998189	False	0.22434950502788928
Dd2_R539T	32.0	AA_P	3	3	0.0002717163486815784	0.09612672672291482	False	0.22434950502788928
Dd2_R539T	32.0	AA_Q	3	3	1.6028640565751012e-05	0.7236746348751608	False	0.7607861546123486
Dd2_R539T	32.0	AA_R	3	3	0.00026045314921597715	0.015542035189424565	False	0.1504303479226132
Dd2_R539T	32.0	AA_V	3	3	9.873943888023817e-05	0.38948866397319803	False	0.45625814922574626
Dd2_R539T	32.0	AA_W	3	3	0.0001197741919055223	0.061515785859826706	False	0.22434950502788928
Dd2_R539T	32.0	AA_Y	3	3	-0.00017417342102631767	0.26074531634109566	False	0.3818056417851758
Dd2_R539T	32.0	codon_AAA	3	3	0.0007028106060683048	0.04135946126017476	False	0.22434950502788928
Dd2_R539T	32.0	codon_AAC	3	3	-0.00034098515668601684	0.018345164380806488	False	0.1504303479226132
Dd2_R539T	32.0	codon_AAG	3	3	-0.00012229247966032142	0.06888929648194313	False	0.22434950502788928
Dd2_R539T	32.0	codon_AAT	3	3	-0.00192470330806839	0.05060345825425549	False	0.22434950502788928
Dd2_R539T	32.0	codon_ATA	3	3	0.0003198810994492207	0.16263304813904983	False	0.2778314572375435
Dd2_R539T	32.0	codon_ATC	3	3	-5.814028378296927e-06	0.8170042394799241	False	0.8170042394799241
Dd2_R539T	32.0	codon_ATT	3	3	0.0002678583047106414	0.02458345855375866	False	0.1679869667840175
Dd2_R539T	32.0	codon_CCA	3	3	0.00010551345375703867	0.12375749980481197	False	0.2537028745998645
Dd2_R539T	32.0	codon_CCC	3	3	4.3712535576871485e-05	0.07954598998831239	False	0.22434950502788928
Dd2_R539T	32.0	codon_CCG	3	3	3.058080350128167e-05	0.012930514669046161	False	0.1504303479226132
Dd2_R539T	32.0	codon_CCT	3	3	9.190955584638828e-05	0.15102025616447942	False	0.2692100218584198
Dd2_R539T	32.0	codon_CTA	3	3	6.445278448592197e-05	0.19367886862840017	False	0.3054166774524772
Dd2_R539T	32.0	codon_CTC	3	3	1.272040409832113e-05	0.46377623635723697	False	0.5139142078553167
Dd2_R539T	32.0	codon_CTG	3	3	1.9413699562923457e-05	0.30361551338019216	False	0.41494120161959597
Dd2_R539T	32.0	codon_CTT	3	3	9.439645271127131e-05	0.1478568146523626	False	0.2692100218584198
Dd2_R539T	32.0	codon_GAA	3	3	0.00023775988737916032	0.17347130729284127	False	0.2844929439602597
Dd2_R539T	32.0	codon_GAC	3	3	-1.7889019724865937e-05	0.14227878034827196	False	0.2692100218584198
Dd2_R539T	32.0	codon_GAG	3	3	6.213233549885212e-05	0.09621664363110267	False	0.22434950502788928
Dd2_R539T	32.0	codon_GAT	3	3	-0.00022216561122890416	0.37492411457982844	False	0.45625814922574626
Dd2_R539T	32.0	codon_GCA	3	3	5.756568053303518e-05	0.38467632199776025	False	0.45625814922574626
Dd2_R539T	32.0	codon_GCC	3	3	5.2641102547705976e-05	0.09849490464639042	False	0.22434950502788928
Dd2_R539T	32.0	codon_GCG	3	3	2.0183765977996857e-05	0.08868677914357707	False	0.22434950502788928
Dd2_R539T	32.0	codon_GCT	3	3	5.748758691142067e-05	0.4305987036898149	False	0.49040407920228923
Dd2_R539T	32.0	codon_TTA	3	3	0.0004190512251901618	0.012402262089321617	False	0.1504303479226132
Dd2_R539T	32.0	codon_TTC	3	3	-9.111907800349317e-05	0.11312543808537374	False	0.24411278744738543
Dd2_R539T	32.0	codon_TTG	3	3	8.731476700335125e-06	0.8145709473091133	False	0.8170042394799241
Dd2_R539T	32.0	codon_TTT	3	3	0.00019303183835089194	0.2521795658163418	False	0.3818056417851758
Dd2_R539T	48.0	AAA_AAG_ratio	3	3	0.0006443228277470681	0.9553218307167213	False	0.9553218307167213
Dd2_R539T	48.0	AA_A	3	3	0.00017860764945278745	0.22290356707083112	False	0.39195965308940584
Dd2_R539T	48.0	AA_D	3	3	-0.0006619731410851953	0.07413944945686171	False	0.262396931952274
Dd2_R539T	48.0	AA_F	3	3	0.0004352941047196038	0.10030668344961759	False	0.27417160142895475
Dd2_R539T	48.0	AA_G	3	3	0.00013397591901959452	0.41634825426950073	False	0.5334462007827978
Dd2_R539T	48.0	AA_I	3	3	0.0003530262736920059	0.40799418252524217	False	0.5334462007827978
Dd2_R539T	48.0	AA_K	3	3	6.562705300069971e-05	0.8816223902275646	False	0.9342268903154051
Dd2_R539T	48.0	AA_N	3	3	-0.0022995923825050724	0.07077694266018576	False	0.262396931952274
Dd2_R539T	48.0	AA_P	3	3	0.00021273745914303713	0.06081138336938526	False	0.262396931952274
Dd2_R539T	48.0	AA_Q	3	3	0.00016557074743336203	0.050727287168874875	False	0.262396931952274
Dd2_R539T	48.0	AA_R	3	3	8.165169283137416e-05	0.038686530602124965	False	0.262396931952274
Dd2_R539T	48.0	AA_V	3	3	1.1371817199817835e-05	0.9319606245425425	False	0.9552596401561061
Dd2_R539T	48.0	AA_W	3	3	9.357327013168569e-05	0.053121193347964	False	0.262396931952274
Dd2_R539T	48.0	AA_Y	3	3	0.0001489612025744047	0.35455856736582925	False	0.5040913194625102
Dd2_R539T	48.0	codon_AAA	3	3	5.6268916950263925e-05	0.8886548468853853	False	0.9342268903154051
Dd2_R539T	48.0	codon_AAC	3	3	-0.0001986424822164809	0.07834251729274398	False	0.262396931952274
Dd2_R539T	48.0	codon_AAG	3	3	9.3581360504566e-06	0.8283113935983175	False	0.9342268903154051
Dd2_R539T	48.0	codon_AAT	3	3	-0.0021009499002885984	0.07007265035894367	False	0.262396931952274
Dd2_R539T	48.0	codon_ATA	3	3	0.0001668720266160828	0.5264781654975829	False	0.6541092359212393
Dd2_R539T	48.0	codon_ATC	3	3	7.945547524485994e-05	0.1293303415794868	False	0.3119143532211152
Dd2_R539T	48.0	codon_ATT	3	3	0.00010669877183105969	0.35655239669299504	False	0.5040913194625102
Dd2_R539T	48.0	codon_CCA	3	3	7.251916459880339e-05	0.13845076907176748	False	0.3153600851079148
Dd2_R539T	48.0	codon_CCC	3	3	2.5788650022683362e-05	0.23151509092505684	False	0.39195965308940584
Dd2_R539T	48.0	codon_CCG	3	3	2.640354512977827e-06	0.6455257532713126	False	0.7784281142389357
Dd2_R539T	48.0	codon_CCT	3	3	0.00011178929000857287	0.029799256030392202	False	0.262396931952274
Dd2_R539T	48.0	codon_CTA	3	3	0.0001049150048362691	0.16778195891993197	False	0.3439530157858605
Dd2_R539T	48.0	codon_CTC	3	3	5.219966835039603e-05	0.08959895237394722	False	0.262396931952274
Dd2_R539T	48.0	codon_CTG	3	3	3.575963320639271e-05	0.1614459423144947	False	0.3439530157858605
Dd2_R539T	48.0	codon_CTT	3	3	0.00014708667883053805	0.10740992168582238	False	0.27523792431991984
Dd2_R539T	48.0	codon_GAA	3	3	1.6047441316127675e-05	0.8830659293077652	False	0.9342268903154051
Dd2_R539T	48.0	codon_GAC	3	3	7.042953138268471e-06	0.7723884069664971	False	0.9047978481607538
Dd2_R539T	48.0	codon_GAG	3	3	-2.8842405443473343e-05	0.40537414059012367	False	0.5334462007827978
Dd2_R539T	48.0	codon_GAT	3	3	-0.0006690160942234777	0.08334728263687796	False	0.262396931952274
Dd2_R539T	48.0	codon_GCA	3	3	6.910868598230743e-05	0.2389997884691499	False	0.39195965308940584
Dd2_R539T	48.0	codon_GCC	3	3	2.733145902315652e-05	0.24883060302645194	False	0.3923867201570973
Dd2_R539T	48.0	codon_GCG	3	3	7.4059631941921986e-06	0.31980138288337673	False	0.48562432215623874
Dd2_R539T	48.0	codon_GCT	3	3	7.47615412531339e-05	0.2370451366602834	False	0.39195965308940584
Dd2_R539T	48.0	codon_TTA	3	3	0.00023589031329764032	0.0652671047817891	False	0.262396931952274
Dd2_R539T	48.0	codon_TTC	3	3	0.00020062099621456948	0.032377175840664914	False	0.262396931952274
Dd2_R539T	48.0	codon_TTG	3	3	9.831429104159399e-05	0.07723695452221711	False	0.262396931952274
Dd2_R539T	48.0	codon_TTT	3	3	0.00023467310850504297	0.18347635439605856	False	0.35821573953516195
Dd2_WT	3.0	AAA_AAG_ratio	3	3	-0.0032335056465990775	0.571956382684035	True	0.7382276784384184
Dd2_WT	3.0	AA_A	3	3	-0.00014465691969659314	0.5407940407160622	True	0.7382276784384184
Dd2_WT	3.0	AA_D	3	3	0.00037301255756819196	0.020412444405159172	True	0.1402450344261126
Dd2_WT	3.0	AA_F	3	3	-0.0003649509725148353	0.011924975529613	True	0.13306103120954932
Dd2_WT	3.0	AA_G	3	3	-2.6691306290738126e-05	0.9191311836415245	True	0.9535945296836127
Dd2_WT	3.0	AA_I	3	3	-0.000468671446092625	0.11979118118862786	True	0.3069649017958589
Dd2_WT	3.0	AA_K	3	3	-0.00010630806667649706	0.8249452314255881	True	0.9141284996878138
Dd2_WT	3.0	AA_N	3	3	0.0011289586101845273	0.08629557245189208	True	0.258212774703929
Dd2_WT	3.0	AA_P	3	3	-5.992816038184051e-05	0.6767352142840151	True	0.8160630525189593
Dd2_WT	3.0	AA_Q	3	3	2.0180769694191913e-05	0.2929035516009583	True	0.48036182462557164
Dd2_WT	3.0	AA_R	3	3	-8.038134423418719e-07	0.9905035846227986	True	0.9905035846227985
Dd2_WT	3.0	AA_V	3	3	-9.39337374100957e-05	0.5941832533772635	True	0.7382276784384184
Dd2_WT	3.0	AA_W	3	3	-2.530181885911347e-05	0.5841128254905978	True	0.7382276784384184
Dd2_WT	3.0	AA_Y	3	3	-0.00021975118731813043	0.22943184029529481	True	0.4339617977291153
Dd2_WT	3.0	codon_AAA	3	3	-9.968054475789634e-05	0.8066830590279406	True	0.9141284996878138
Dd2_WT	3.0	codon_AAC	3	3	7.86827056676806e-05	0.2566752559842254	True	0.4452605283505562
Dd2_WT	3.0	codon_AAG	3	3	-6.62752191860419e-06	0.9303361265205978	True	0.9535945296836127
Dd2_WT	3.0	codon_AAT	3	3	0.0010502759045168675	0.08017368518010695	True	0.258212774703929
Dd2_WT	3.0	codon_ATA	3	3	-0.0002497089970121824	0.23285755000098868	True	0.4339617977291153
Dd2_WT	3.0	codon_ATC	3	3	-4.671474984396795e-05	0.041063175998595464	True	0.206027015432236
Dd2_WT	3.0	codon_ATT	3	3	-0.00017224769923645383	0.006185968413967181	True	0.13306103120954932
Dd2_WT	3.0	codon_CCA	3	3	9.261578461599793e-06	0.9083094686162206	True	0.9535945296836127
Dd2_WT	3.0	codon_CCC	3	3	-2.3738212432009628e-05	0.21195110348139248	True	0.4339617977291153
Dd2_WT	3.0	codon_CCG	3	3	-8.634335662630922e-06	0.3289282502038835	True	0.5186945483984317
Dd2_WT	3.0	codon_CCT	3	3	-3.681719074879325e-05	0.3759787836549552	True	0.5709307455501171
Dd2_WT	3.0	codon_CTA	3	3	-3.992764255583356e-05	0.08005877790747569	True	0.258212774703929
Dd2_WT	3.0	codon_CTC	3	3	-2.6676979340167772e-05	0.045225442411954246	True	0.206027015432236
Dd2_WT	3.0	codon_CTG	3	3	-1.4238649455248012e-05	0.13974518371762257	True	0.3370325019072074
Dd2_WT	3.0	codon_CTT	3	3	-5.9778443306852946e-05	0.07642604555962038	True	0.258212774703929
Dd2_WT	3.0	codon_GAA	3	3	0.0002683896628298474	0.09035888923628975	True	0.258212774703929
Dd2_WT	3.0	codon_GAC	3	3	-3.105889067030708e-05	0.15005906107612293	True	0.34180119467339115
Dd2_WT	3.0	codon_GAG	3	3	3.4104455645981094e-05	0.26064030927837434	True	0.4452605283505562
Dd2_WT	3.0	codon_GAT	3	3	0.0004040714482385077	0.020523663574553066	True	0.1402450344261126
Dd2_WT	3.0	codon_GCA	3	3	-2.9350397421433472e-05	0.7432204649054466	True	0.870629687460666
Dd2_WT	3.0	codon_GCC	3	3	-3.645353001711666e-05	0.2220653674880265	True	0.4339617977291153
Dd2_WT	3.0	codon_GCG	3	3	-7.4951410297357905e-06	0.46408458206183933	True	0.6795524237334076
Dd2_WT	3.0	codon_GCT	3	3	-7.135785122830765e-05	0.5155345741138543	True	0.7288592254713112
Dd2_WT	3.0	codon_TTA	3	3	-0.00015858815016992628	0.09446808830631548	True	0.258212774703929
Dd2_WT	3.0	codon_TTC	3	3	-8.555218801258035e-05	0.012981564020443835	True	0.13306103120954932
Dd2_WT	3.0	codon_TTG	3	3	-7.021092336477984e-05	0.03930117679914743	True	0.206027015432236
Dd2_WT	3.0	codon_TTT	3	3	-0.00027939878450225497	0.006728238988499576	True	0.13306103120954932
Dd2_WT	6.0	AAA_AAG_ratio	3	3	0.009655466275878766	0.1866191764197035	True	0.6580350288654454
Dd2_WT	6.0	AA_A	3	3	0.00014337218578194116	0.6670368093798441	True	0.8027950509115928
Dd2_WT	6.0	AA_D	3	3	0.00012400905997773937	0.4983162206441674	True	0.7296773230861023
Dd2_WT	6.0	AA_F	3	3	-0.000150946600226326	0.3075462813176148	True	0.7220433597537758
Dd2_WT	6.0	AA_G	3	3	0.00028408038838093064	0.4548444905160911	True	0.7296773230861023
Dd2_WT	6.0	AA_I	3	3	-0.0004387998812503957	0.1062311541815021	True	0.6580350288654454
Dd2_WT	6.0	AA_K	3	3	-0.00040377889304232806	0.47370068941235394	True	0.7296773230861023
Dd2_WT	6.0	AA_N	3	3	-0.0006319497514815919	0.5847178053456897	True	0.7694744621491639
Dd2_WT	6.0	AA_P	3	3	0.00016024716070129133	0.47671089866450383	True	0.7296773230861023
Dd2_WT	6.0	AA_Q	3	3	1.5693186690177857e-05	0.5192377079629447	True	0.734094690568301
Dd2_WT	6.0	AA_R	3	3	0.0001612119423819551	0.17463180023066605	True	0.6580350288654454
Dd2_WT	6.0	AA_V	3	3	0.0001306379084562298	0.6005654338725182	True	0.7694744621491639
Dd2_WT	6.0	AA_W	3	3	9.332851051859631e-05	0.2420602882087448	True	0.6616314544372358
Dd2_WT	6.0	AA_Y	3	3	-0.0002887595143891905	0.11525283760003492	True	0.6580350288654454
Dd2_WT	6.0	codon_AAA	3	3	-0.00029286901698059864	0.5381038332956574	True	0.7354085721707317
Dd2_WT	6.0	codon_AAC	3	3	-0.00018247869537578107	0.20883507663875256	True	0.6580350288654454
Dd2_WT	6.0	codon_AAG	3	3	-0.00011090987606172595	0.22469488790527406	True	0.6580350288654454
Dd2_WT	6.0	codon_AAT	3	3	-0.0004494710561057935	0.6615838166066561	True	0.8027950509115928
Dd2_WT	6.0	codon_ATA	3	3	-0.00030598943382100646	0.1383153925867514	True	0.6580350288654454
Dd2_WT	6.0	codon_ATC	3	3	-5.10528388520835e-05	0.03462343561499209	True	0.5835569248625115
Dd2_WT	6.0	codon_ATT	3	3	-8.175760857730141e-05	0.08949042759703875	True	0.6580350288654454
Dd2_WT	6.0	codon_CCA	3	3	0.000110273750222269	0.3346054593980912	True	0.7220433597537758
Dd2_WT	6.0	codon_CCC	3	3	-4.380101784967616e-06	0.8783193956035449	True	0.9002773804936336
Dd2_WT	6.0	codon_CCG	3	3	6.293250451143428e-08	0.995702622029367	True	0.9957026220293669
Dd2_WT	6.0	codon_CCT	3	3	5.429057975947938e-05	0.4633163201902007	True	0.7296773230861023
Dd2_WT	6.0	codon_CTA	3	3	8.040572468332244e-06	0.7302481605866171	True	0.8316715162236473
Dd2_WT	6.0	codon_CTC	3	3	-1.6135871611717718e-05	0.20263695104972995	True	0.6580350288654454
Dd2_WT	6.0	codon_CTG	3	3	-1.0488325708056783e-05	0.1922270587262265	True	0.6580350288654454
Dd2_WT	6.0	codon_CTT	3	3	-9.792045183783585e-06	0.8302737190895354	True	0.8728518585300244
Dd2_WT	6.0	codon_GAA	3	3	0.000351945025260203	0.042699287185061816	True	0.5835569248625115
Dd2_WT	6.0	codon_GAC	3	3	-7.06456120644506e-05	0.007341219202123288	True	0.30098998728705484
Dd2_WT	6.0	codon_GAG	3	3	3.3292671605551424e-05	0.19197203130432555	True	0.6580350288654454
Dd2_WT	6.0	codon_GAT	3	3	0.00019465467204218823	0.3235667119483213	True	0.7220433597537758
Dd2_WT	6.0	codon_GCA	3	3	8.803971765935018e-05	0.4920673051018353	True	0.7296773230861023
Dd2_WT	6.0	codon_GCC	3	3	-9.168807164720849e-06	0.8275273650100743	True	0.8728518585300244
Dd2_WT	6.0	codon_GCG	3	3	2.9300105761555662e-06	0.826696112367446	True	0.8728518585300244
Dd2_WT	6.0	codon_GCT	3	3	6.157126471115042e-05	0.6853128483391645	True	0.8027950509115928
Dd2_WT	6.0	codon_TTA	3	3	0.0001517937181959514	0.40825829185162876	True	0.7296773230861023
Dd2_WT	6.0	codon_TTC	3	3	-3.5296452718956706e-05	0.41309080572248097	True	0.7296773230861023
Dd2_WT	6.0	codon_TTG	3	3	-3.4786189283137967e-05	0.4617428110754447	True	0.7296773230861023
Dd2_WT	6.0	codon_TTT	3	3	-0.00011565014750737623	0.27811930728667267	True	0.7126807249220987
Dd2_WT	24.0	AAA_AAG_ratio	3	3	0.0197027164244572	0.16427877935408844	False	0.21727193398443953
Dd2_WT	24.0	AA_A	3	3	0.00027211715788932195	0.39297257117861706	False	0.47387868877421474
Dd2_WT	24.0	AA_D	3	3	0.0009502465297708956	0.0024629189088738934	False	0.02079570990367937
Dd2_WT	24.0	AA_F	3	3	-0.0011657036309572419	0.005217824852731595	False	0.02139308189619954
Dd2_WT	24.0	AA_G	3	3	0.000610460782801879	0.1486475217522541	False	0.2031516130614139
Dd2_WT	24.0	AA_I	3	3	-0.0018335206178891061	0.012413106615322146	False	0.039432248711818524
Dd2_WT	24.0	AA_K	3	3	-6.816085296955376e-05	0.8792041872415193	False	0.9280128378270825
Dd2_WT	24.0	AA_N	3	3	0.0004474788232010085	0.29025691292636874	False	0.360622225150943
Dd2_WT	24.0	AA_P	3	3	0.0004694687289743815	0.051868491090258664	False	0.09246122324785241
Dd2_WT	24.0	AA_Q	3	3	0.00012321836695522795	0.06101722380801419	False	0.10423775733869091
Dd2_WT	24.0	AA_R	3	3	8.498157947649937e-05	0.45607018336058136	False	0.5342536433652524
Dd2_WT	24.0	AA_V	3	3	-1.1927760507367269e-05	0.9587711101677172	False	0.9592375064916955
Dd2_WT	24.0	AA_W	3	3	0.0001473705073556193	0.02819347582985383	False	0.06359506857925082
Dd2_WT	24.0	AA_Y	3	3	-0.0009280923101897542	0.029470885439165012	False	0.06359506857925082
Dd2_WT	24.0	codon_AAA	3	3	2.091445518732915e-05	0.9592375064916955	False	0.9592375064916955
Dd2_WT	24.0	codon_AAC	3	3	-9.682244529761463e-06	0.8827439189086883	False	0.9280128378270825
Dd2_WT	24.0	codon_AAG	3	3	-8.907530815687945e-05	0.08144845493842147	False	0.12368098712871409
Dd2_WT	24.0	codon_AAT	3	3	0.0004571610677307769	0.2532885249967233	False	0.3245259226520517
Dd2_WT	24.0	codon_ATA	3	3	-0.0010095650038306966	0.024861516687987514	False	0.06359506857925082
Dd2_WT	24.0	codon_ATC	3	3	-0.00016005393159651375	0.004694922527808323	False	0.02138798040446014
Dd2_WT	24.0	codon_ATT	3	3	-0.0006639016824618801	0.0033666357434506185	False	0.02138798040446014
Dd2_WT	24.0	codon_CCA	3	3	0.00020043132098267538	0.109810081558661	False	0.15524873599672762
Dd2_WT	24.0	codon_CCC	3	3	5.590487820311728e-05	0.03667863632524744	False	0.0716106709207212
Dd2_WT	24.0	codon_CCG	3	3	4.247387933202734e-05	0.0010609683859400954	False	0.02079570990367937
Dd2_WT	24.0	codon_CCT	3	3	0.00017065865045655815	0.029132923826557158	False	0.06359506857925082
Dd2_WT	24.0	codon_CTA	3	3	-8.50221636159729e-05	0.041212363080944676	False	0.07680485846903326
Dd2_WT	24.0	codon_CTC	3	3	-2.2165279546459754e-05	0.07480123731663793	False	0.11795579730700598
Dd2_WT	24.0	codon_CTG	3	3	-2.6163202664395736e-05	0.07240233862584484	False	0.11795579730700598
Dd2_WT	24.0	codon_CTT	3	3	-0.00011300825667218649	0.004036993650444308	False	0.02138798040446014
Dd2_WT	24.0	codon_GAA	3	3	0.0008941888365471967	0.014158320392210719	False	0.04146365257718854
Dd2_WT	24.0	codon_GAC	3	3	8.150433254940255e-05	0.03228154536220228	False	0.06617716799251466
Dd2_WT	24.0	codon_GAG	3	3	0.0002892731102243241	0.0002120824085978314	False	0.008695378752511087
Dd2_WT	24.0	codon_GAT	3	3	0.0008687421972214948	0.0022229146311801614	False	0.02079570990367937
Dd2_WT	24.0	codon_GCA	3	3	0.00025188732241350313	0.08791930206414426	False	0.12873897802249695
Dd2_WT	24.0	codon_GCC	3	3	-1.1181743034765091e-05	0.7297018186284625	False	0.8310492934379712
Dd2_WT	24.0	codon_GCG	3	3	5.470496361859511e-05	0.01811827022315506	False	0.049523271943290495
Dd2_WT	24.0	codon_GCT	3	3	-2.3293385108013806e-05	0.8709194787503427	False	0.9280128378270825
Dd2_WT	24.0	codon_TTA	3	3	-0.000692228927348125	0.012502908128137579	False	0.039432248711818524
Dd2_WT	24.0	codon_TTC	3	3	-0.00023551802538425513	0.010588528063666175	False	0.039432248711818524
Dd2_WT	24.0	codon_TTG	3	3	-0.00016901781625376817	0.0025360621833755326	False	0.02079570990367937
Dd2_WT	24.0	codon_TTT	3	3	-0.0009301856055729738	0.004475971424614286	False	0.02138798040446014
Dd2_WT	32.0	AAA_AAG_ratio	3	3	0.05436853212977244	0.008061540226349369	False	0.03004755902548401
Dd2_WT	32.0	AA_A	3	3	0.0005400859556708958	0.03440220210190225	False	0.05877042859074968
Dd2_WT	32.0	AA_D	3	3	0.0007469401396577591	0.024585583345652876	False	0.04773718023903613
Dd2_WT	32.0	AA_F	3	3	-0.0009407559818967667	0.000839450234518278	False	0.011472486538416466
Dd2_WT	32.0	AA_G	3	3	0.0007282510156760395	0.017430355635321283	False	0.03973132429828726
Dd2_WT	32.0	AA_I	3	3	-0.0010237166277466264	0.018807403185400636	False	0.04058439634744348
Dd2_WT	32.0	AA_K	3	3	-0.0001154412648105424	0.6576962369453434	False	0.6914242490963867
Dd2_WT	32.0	AA_N	3	3	-0.0006869072901588835	0.2326219808785109	False	0.2725000347433985
Dd2_WT	32.0	AA_P	3	3	0.00043130600026820495	0.031173768198254934	False	0.05557063026645445
Dd2_WT	32.0	AA_Q	3	3	-9.104957626258903e-06	0.8717520574225291	False	0.8935458588580923
Dd2_WT	32.0	AA_R	3	3	0.00039055073729302517	0.0072725917234256485	False	0.03004755902548401
Dd2_WT	32.0	AA_V	3	3	0.00033353157513708875	0.057024671644556595	False	0.08350041205095786
Dd2_WT	32.0	AA_W	3	3	0.00014552783692436434	0.01677550442254454	False	0.03973132429828726
Dd2_WT	32.0	AA_Y	3	3	-0.0010420592837558987	0.0038347560781832246	False	0.026204166534252032
Dd2_WT	32.0	codon_AAA	3	3	0.00011813197821936017	0.5995173423464101	False	0.6643300280054814
Dd2_WT	32.0	codon_AAC	3	3	-0.000261939616949973	0.00121917074877006	False	0.012284819843961337
Dd2_WT	32.0	codon_AAG	3	3	-0.00023357324302988175	0.0045712641918266685	False	0.026774547409270488
Dd2_WT	32.0	codon_AAT	3	3	-0.0004249676732089175	0.4071350278850077	False	0.4636815595357032
Dd2_WT	32.0	codon_ATA	3	3	-0.0006756261351272136	0.015839324556217237	False	0.03973132429828726
Dd2_WT	32.0	codon_ATC	3	3	-0.00016407458687073793	0.0006603950152577904	False	0.011472486538416466
Dd2_WT	32.0	codon_ATT	3	3	-0.00018401590574867316	0.09546583279444494	False	0.12231559826788257
Dd2_WT	32.0	codon_CCA	3	3	0.0002465710836372422	0.021791001896330663	False	0.04467155388747786
Dd2_WT	32.0	codon_CCC	3	3	5.153409680788007e-05	0.054617747858222834	False	0.08293806156248652
Dd2_WT	32.0	codon_CCG	3	3	3.869919684337483e-05	0.01744302042363831	False	0.03973132429828726
Dd2_WT	32.0	codon_CCT	3	3	9.450162297970719e-05	0.15465799932105556	False	0.18649935212244936
Dd2_WT	32.0	codon_CTA	3	3	-9.870715783277806e-05	0.025615072323385238	False	0.04773718023903613
Dd2_WT	32.0	codon_CTC	3	3	-4.932034378131076e-05	0.07007477523806645	False	0.09576885949202414
Dd2_WT	32.0	codon_CTG	3	3	-3.826375239672237e-05	0.05236583069142617	False	0.08257688685955665
Dd2_WT	32.0	codon_CTT	3	3	-9.023322222570344e-05	0.09071321288715134	False	0.1199755396249421
Dd2_WT	32.0	codon_GAA	3	3	0.0007898679647400236	0.00017161720526912857	False	0.007036305416034271
Dd2_WT	32.0	codon_GAC	3	3	2.991185178671807e-06	0.9165194649240832	False	0.9165194649240832
Dd2_WT	32.0	codon_GAG	3	3	0.00018158911932827058	0.0014981487614586996	False	0.012284819843961337
Dd2_WT	32.0	codon_GAT	3	3	0.0007439489544790942	0.036436980976537255	False	0.059756648801521095
Dd2_WT	32.0	codon_GCA	3	3	0.0002740023777334545	0.015396317465284765	False	0.03973132429828726
Dd2_WT	32.0	codon_GCC	3	3	5.425596155016633e-05	0.060632959433786784	False	0.08572245988914684
Dd2_WT	32.0	codon_GCG	3	3	4.730685717436534e-05	0.012473391212778252	False	0.03973132429828726
Dd2_WT	32.0	codon_GCT	3	3	0.00016452075921290568	0.10263433574076583	False	0.12751538682943633
Dd2_WT	32.0	codon_TTA	3	3	5.4606867788103974e-05	0.6363083400247131	False	0.6865432089740326
Dd2_WT	32.0	codon_TTC	3	3	-0.00036408441429320974	0.006695440101178426	False	0.03004755902548401
Dd2_WT	32.0	codon_TTG	3	3	-0.00015798629769126632	0.01267340430129928	False	0.03973132429828726
Dd2_WT	32.0	codon_TTT	3	3	-0.0005766715676035553	0.0077985269394922774	False	0.03004755902548401
Dd2_WT	48.0	AAA_AAG_ratio	3	3	0.021431246497979117	0.0847190649077539	False	0.42800920302387396
Dd2_WT	48.0	AA_A	3	3	0.0002453245079923824	0.35906301371890154	False	0.525770841516963
Dd2_WT	48.0	AA_D	3	3	-8.008591951828847e-05	0.6315559183907029	False	0.7846603834551158
Dd2_WT	48.0	AA_F	3	3	-0.0004130480851583032	0.070405333592316	False	0.42800920302387396
Dd2_WT	48.0	AA_G	3	3	0.00035481667530673847	0.30773708244069425	False	0.47716949536076647
Dd2_WT	48.0	AA_I	3	3	-0.00046603517448329246	0.27332414601268895	False	0.47716949536076647
Dd2_WT	48.0	AA_K	3	3	6.130159149375647e-05	0.8686044523240618	False	0.8903195636321634
Dd2_WT	48.0	AA_N	3	3	-0.000772545092933008	0.16948416479363887	False	0.43168969307673954
Dd2_WT	48.0	AA_P	3	3	0.00026871790541266316	0.18558683063533737	False	0.43168969307673954
Dd2_WT	48.0	AA_Q	3	3	0.00011042507501000942	0.07160218753022049	False	0.42800920302387396
Dd2_WT	48.0	AA_R	3	3	0.00016333917568883347	0.05961240893905569	False	0.42800920302387396
Dd2_WT	48.0	AA_V	3	3	1.6166716287541183e-05	0.9259375258976932	False	0.9259375258976932
Dd2_WT	48.0	AA_W	3	3	8.902394205283909e-05	0.1448029475186801	False	0.43168969307673954
Dd2_WT	48.0	AA_Y	3	3	-0.0003302123571172072	0.21692531200450246	False	0.4446968896092301
Dd2_WT	48.0	codon_AAA	3	3	0.00013354942522220137	0.6953948769958903	False	0.8003726468571575
Dd2_WT	48.0	codon_AAC	3	3	-0.00013431624783460244	0.04018857677861562	False	0.42800920302387396
Dd2_WT	48.0	codon_AAG	3	3	-7.22478337284449e-05	0.12260136475810544	False	0.42864244809103985
Dd2_WT	48.0	codon_AAT	3	3	-0.0006382288450984264	0.22899132549959758	False	0.44707830216588096
Dd2_WT	48.0	codon_ATA	3	3	-0.00028629441734800976	0.29897449047382124	False	0.47716949536076647
Dd2_WT	48.0	codon_ATC	3	3	-4.077574564155268e-05	0.0786964690382482	False	0.42800920302387396
Dd2_WT	48.0	codon_ATT	3	3	-0.00013896501149372742	0.3128489961232828	False	0.47716949536076647
Dd2_WT	48.0	codon_CCA	3	3	0.00013422346791940216	0.2000513211819037	False	0.43168969307673954
Dd2_WT	48.0	codon_CCC	3	3	2.0564779667820582e-05	0.468387259649629	False	0.620202842607915
Dd2_WT	48.0	codon_CCG	3	3	1.0744173998087129e-05	0.3142335701156267	False	0.47716949536076647
Dd2_WT	48.0	codon_CCT	3	3	0.00010318548382735188	0.09395323968816746	False	0.42800920302387396
Dd2_WT	48.0	codon_CTA	3	3	1.5080225781884289e-05	0.451401570702042	False	0.620202842607915
Dd2_WT	48.0	codon_CTC	3	3	2.775589091991333e-06	0.7782939160235096	False	0.8182064245375358
Dd2_WT	48.0	codon_CTG	3	3	-7.696244504764053e-06	0.12545632627054826	False	0.42864244809103985
Dd2_WT	48.0	codon_CTT	3	3	-1.0197186868546662e-05	0.7548684172134073	False	0.814463292256571
Dd2_WT	48.0	codon_GAA	3	3	0.00044930680885713753	0.03296557287466219	False	0.42800920302387396
Dd2_WT	48.0	codon_GAC	3	3	-2.9456858674890493e-05	0.5603012318592431	False	0.7178859533196552
Dd2_WT	48.0	codon_GAG	3	3	6.140360787548066e-05	0.11854137981590669	False	0.42864244809103985
Dd2_WT	48.0	codon_GAT	3	3	-5.0629060843389306e-05	0.7124224967553643	False	0.8003726468571575
Dd2_WT	48.0	codon_GCA	3	3	0.0001344959639255367	0.24166178478891306	False	0.4503696898338834
Dd2_WT	48.0	codon_GCC	3	3	1.3114702348733694e-05	0.7028820945352359	False	0.8003726468571575
Dd2_WT	48.0	codon_GCG	3	3	2.246468013754636e-05	0.19895416081107511	False	0.43168969307673954
Dd2_WT	48.0	codon_GCT	3	3	7.524916158056609e-05	0.46893385660598447	False	0.620202842607915
Dd2_WT	48.0	codon_TTA	3	3	-4.748230420247024e-05	0.7222875105784103	False	0.8003726468571575
Dd2_WT	48.0	codon_TTC	3	3	-4.924393422757814e-05	0.1847920575260749	False	0.43168969307673954
Dd2_WT	48.0	codon_TTG	3	3	-5.561334772154723e-05	0.15019068755727788	False	0.43168969307673954
Dd2_WT	48.0	codon_TTT	3	3	-0.00036380415093072854	0.06224821888487669	False	0.42800920302387396
