trait	kind	feature	beta	se	p	n	dof	q
TE_CM	codon	TTT	8.416533174786348	0.576151372360935	2.1730222544854126e-47	5168	5163	1.442585448920879e-45
TE_CM	codon	TTC	8.189009703029052	1.6531985665274092	7.524055833258175e-07	5168	5163	1.8468137045270065e-06
TE_CM	codon	TTA	5.913222049635492	0.6225058699388499	3.154227449287297e-21	5168	5163	2.838804704358567e-20
TE_CM	codon	TTG	9.311752783919015	1.5289401185400255	1.208277011567475e-09	5168	5163	4.141256638672916e-09
TE_CM	codon	CTT	7.178971896793723	1.5941917778412635	6.841063134728376e-06	5168	5163	1.4976381457108066e-05
TE_CM	codon	CTC	-7.264351353058413	3.594024569109881	0.04330743375421017	5168	5163	0.05750659236214794
TE_CM	codon	CTA	-0.45564238824337777	1.9867936227375707	0.8186172166133954	5168	5163	0.8393417031099369
TE_CM	codon	CTG	0.1347696125461424	4.090177936324984	0.9737160751264686	5168	5163	0.984387110117711
TE_CM	codon	ATT	3.36429084044952	0.7755166514507252	1.4644197053156797e-05	5168	5163	2.965449903264251e-05
TE_CM	codon	ATC	5.025299937859272	2.0994193333629685	0.016716603249788284	5168	5163	0.024618997513324564
TE_CM	codon	ATA	1.5950353689581291	0.5869270112787534	0.00659758598225951	5168	5163	0.01090621356251062
TE_CM	codon	ATG	-2.2079449899577286	1.076167410719834	0.04025166359770071	5168	5163	0.05433974585689595
TE_CM	codon	GTT	4.155104378851291	1.0131313489385108	4.172455922960099e-05	5168	5163	8.046879279994477e-05
TE_CM	codon	GTC	11.740565944484544	3.0331400856713495	0.00010983437101130049	5168	5163	0.00020689730353291486
TE_CM	codon	GTA	4.349320385478938	1.1269861545129594	0.00011512391164099182	5168	5163	0.00021193265552091678
TE_CM	codon	GTG	2.165805545139069	2.459998344791409	0.3786785713521281	5168	5163	0.42601339277114414
TE_CM	codon	TCT	2.513155050097808	1.3356684832347971	0.0599505029333296	5168	5163	0.07832243125160802
TE_CM	codon	TCC	0.6441828302448263	2.250894354566891	0.7747442972940343	5168	5163	0.8045421548822664
TE_CM	codon	TCA	-0.9480882934306227	1.1011375838611512	0.389273607153802	5168	5163	0.4319337284857255
TE_CM	codon	TCG	-1.5821265305769714	3.2058092085201193	0.6216671795734738	5168	5163	0.6714005539393517
TE_CM	codon	CCT	2.674397951226514	1.5026347697043858	0.07516656421174407	5168	5163	0.09513268283048859
TE_CM	codon	CCC	8.339908870158112	3.164477570895546	0.008427022935303525	5168	5163	0.013384095250187952
TE_CM	codon	CCA	5.158194407645283	1.1955027410731727	1.628305746809741e-05	5168	5163	3.216896719307049e-05
TE_CM	codon	CCG	15.072091536172623	5.339159672119841	0.004776860546340293	5168	5163	0.008060952171949244
TE_CM	codon	ACT	2.986352146399145	1.4155748165414639	0.03493744612658353	5168	5163	0.04879195062505631
TE_CM	codon	ACC	10.625335866185248	2.211740929798155	1.5988069606685137e-06	5168	5163	3.808922465122047e-06
TE_CM	codon	ACA	-1.430622463490497	1.0099555559278088	0.15668357924813564	5168	5163	0.1866377929279263
TE_CM	codon	ACG	0.05300913916169381	2.708686611255708	0.9843871101177109	5168	5163	0.984387110117711
TE_CM	codon	GCT	7.699630566708384	0.9305749812472192	1.632027170232946e-16	5168	5163	7.776129458168743e-16
TE_CM	codon	GCC	18.856168352943747	2.2690301592178135	1.2087739722591795e-16	5168	5163	6.119418234562096e-16
TE_CM	codon	GCA	6.498475087540655	1.0721554472279868	1.447577339625057e-09	5168	5163	4.690150580385185e-09
TE_CM	codon	GCG	11.746214694000894	4.515991060567293	0.00932102720231913	5168	5163	0.014519292372843258
TE_CM	codon	TAT	3.7056540894545202	0.5776134535928238	1.5293708221802927e-10	5168	5163	5.899001742695415e-10
TE_CM	codon	TAC	0.7970208923860373	1.9575292213062772	0.6839098725690597	5168	5163	0.7194376581570627
TE_CM	codon	CAT	-0.4274216103625945	0.9859318768600845	0.6646548395653127	5168	5163	0.7083821316419779
TE_CM	codon	CAC	7.379315510943613	2.307347885925077	0.0013913298186176073	5168	5163	0.002504393673511693
TE_CM	codon	CAA	-3.930098492174347	0.849912423149637	3.853688173385393e-06	5168	5163	8.918535486977624e-06
TE_CM	codon	CAG	-6.989386877323316	2.811400350848796	0.01294701248109737	5168	5163	0.019420518721646053
TE_CM	codon	AAT	-2.226490582549939	0.2803021351588864	2.400260644398662e-15	5168	5163	1.0801172899793979e-14
TE_CM	codon	AAC	-8.435876810880861	1.0686615190075581	3.551314143494542e-15	5168	5163	1.5139812927529363e-14
TE_CM	codon	AAA	-4.072814290420428	0.362255210821959	5.436446123373185e-29	5168	5163	7.3392022665538e-28
TE_CM	codon	AAG	-7.1973639791174655	0.9374245480462587	1.923295349828654e-14	5168	5163	7.789346166806049e-14
TE_CM	codon	GAT	-4.592030404940216	0.5247142340491389	2.8099310054277496e-18	5168	5163	1.896703428663731e-17
TE_CM	codon	GAC	-5.261259404372457	1.7045914253458663	0.0020358600044787637	5168	5163	0.0035848839209299973
TE_CM	codon	GAA	-5.917178384997139	0.4060344507726784	3.5619393800515534e-47	5168	5163	1.442585448920879e-45
TE_CM	codon	GAG	-8.829748457004879	1.45038934973056	1.2270390040512343e-09	5168	5163	4.141256638672916e-09
TE_CM	codon	TGT	5.60608208179924	1.0310828462198511	5.665145300771237e-08	5168	5163	1.582333687456794e-07
TE_CM	codon	TGC	12.078180757711568	2.7729982043953263	1.3524901303156433e-05	5168	5163	2.8090179629632597e-05
TE_CM	codon	TGG	8.408096502792876	1.5999027622416415	1.5366113348962207e-07	5168	5163	4.0150167137610927e-07
TE_CM	codon	CGT	5.396013702555862	2.5548413937970063	0.03472801705009227	5168	5163	0.04879195062505631
TE_CM	codon	CGC	25.25190831810494	8.227679425895007	0.002157895814480514	5168	5163	0.0037189268292110982
TE_CM	codon	CGA	4.456869501643352	2.9085697030785913	0.1255039105428993	5168	5163	0.1540275265753764
TE_CM	codon	CGG	28.21897456417912	11.295215652402659	0.012509480547970296	5168	5163	0.019118262724256492
TE_CM	codon	AGT	-1.8289134590948448	1.0492335133659114	0.08137658986115219	5168	5163	0.10140775044235888
TE_CM	codon	AGC	-6.998597814643325	2.629253361376436	0.007796031354452826	5168	5163	0.012629570794213578
TE_CM	codon	AGA	1.4816174800465722	0.8016018658627484	0.06461308081339512	5168	5163	0.08307396104579372
TE_CM	codon	AGG	-2.197737305216739	2.154589272281314	0.307763872685406	5168	5163	0.35111089700729414
TE_CM	codon	GGT	8.192199172203933	0.9793696098769172	7.669630199891466e-17	5168	5163	4.1416003079413913e-16
TE_CM	codon	GGC	23.11747071736442	4.07670072854045	1.5000434564480638e-08	5168	5163	4.500130369344191e-08
TE_CM	codon	GGA	8.010688315762785	0.947619205496137	3.636974463698919e-17	5168	5163	2.1042495111400888e-16
TE_CM	codon	GGG	3.408502159215905	2.9174644206904112	0.2427357832497313	5168	5163	0.28495070207577156
TE_CM	AA	A	4.40324430760592	0.4829739920152887	1.084521649700694e-19	5168	5163	8.784625362575623e-19
TE_CM	AA	C	5.553314094750846	0.8998413641446648	7.283571537820209e-10	5168	5163	2.681678611651986e-09
TE_CM	AA	D	-4.003725326977991	0.46515776264828035	9.80691602702483e-18	5168	5163	6.110463062992395e-17
TE_CM	AA	E	-5.165389408417866	0.35848230917395274	3.535190092349717e-46	5168	5163	9.545013249344236e-45
TE_CM	AA	F	6.984125548773214	0.4960801871575546	3.3476920051173455e-44	5168	5163	6.779076310362625e-43
TE_CM	AA	G	5.292032209427065	0.5224744643738987	6.875594581273462e-24	5168	5163	7.95604515833072e-23
TE_CM	AA	H	0.6402511245094944	0.8236510965265882	0.4369979830870777	5168	5163	0.47833563013585534
TE_CM	AA	I	1.8463627766916033	0.4027594189254299	4.662990973283088e-06	5168	5163	1.0491729689886949e-05
TE_CM	AA	K	-3.5927921972574266	0.30179679347645266	2.9477404395230176e-32	5168	5163	4.775339512027289e-31
TE_CM	AA	L	4.447851276819043	0.4549730542930301	2.2280523895846777e-22	5168	5163	2.255903044454486e-21
TE_CM	AA	M	-2.2079449899577286	1.076167410719834	0.04025166359770071	5168	5163	0.05433974585689595
TE_CM	AA	N	-2.168957798973275	0.2460531046487011	1.610582008647164e-18	5168	5163	1.1859740245492752e-17
TE_CM	AA	P	3.2485072301436144	0.7259993473129487	7.822446661459742e-06	5168	5163	1.6674162620479975e-05
TE_CM	AA	Q	-4.040678599247394	0.7987885193915228	4.371775129637895e-07	5168	5163	1.1066055796895921e-06
TE_CM	AA	R	1.3376152400476267	0.5948298599595089	0.024571300351061788	5168	5163	0.03554063086492866
TE_CM	AA	S	-0.5637365054749013	0.5215241517229943	0.2797741301732982	5168	5163	0.32373863634338795
TE_CM	AA	T	0.9915064862342478	0.66270837948988	0.13467752325215607	5168	5163	0.16281909527499466
TE_CM	AA	V	3.295058797810277	0.600663931283444	4.314718988043498e-08	5168	5163	1.2481865643982974e-07
TE_CM	AA	W	8.408096502792876	1.5999027622416415	1.5366113348962207e-07	5168	5163	4.0150167137610927e-07
TE_CM	AA	Y	3.1194427535645204	0.5253261470697955	3.0717239074107237e-09	5168	5163	9.569601403856486e-09
TE_AAfree	codon	TTT	12.997995487615079	0.5815643864632233	1.079008803389414e-105	5168	5163	4.369985653727127e-104
TE_AAfree	codon	TTC	19.31535986794884	1.6954454209083827	1.0291829984828425e-29	5168	5163	6.946985239759187e-29
TE_AAfree	codon	TTA	8.359811814193339	0.6399789801098315	2.1736409610189914e-38	5168	5163	1.9562768649170922e-37
TE_AAfree	codon	TTG	14.23866875270403	1.5771174643440193	2.4162487699690563e-19	5168	5163	1.151271472749962e-18
TE_AAfree	codon	CTT	11.100928982926145	1.6474453288946265	1.7777753168387258e-11	5168	5163	6.5454454847244e-11
TE_AAfree	codon	CTC	-6.07810088744812	3.7235849393755553	0.1026720158758503	5168	5163	0.15120787792625226
TE_AAfree	codon	CTA	-0.8313800625277785	2.058110122825156	0.6862639031489286	5168	5163	0.721913976039782
TE_AAfree	codon	CTG	5.506984288875472	4.2363485952822675	0.19368075499314347	5168	5163	0.24952025437477385
TE_AAfree	codon	ATT	8.932146658358436	0.7951673543591098	6.065356474861888e-29	5168	5163	3.779183649721638e-28
TE_AAfree	codon	ATC	12.08315178594459	2.1695007052095057	2.6831538096994586e-08	5168	5163	8.359056099448314e-08
TE_AAfree	codon	ATA	5.701832359506815	0.6032392743839181	4.9116453538596436e-21	5168	5163	2.4865204603914445e-20
TE_AAfree	codon	ATG	2.323729637177663	1.114794050088349	0.03716851587802842	5168	5163	0.06272187054417296
TE_AAfree	codon	GTT	-0.6046200778509807	1.0511837150128414	0.5651944845043196	5168	5163	0.6271336060938341
TE_AAfree	codon	GTC	3.666439502605638	3.146191114284397	0.24392787981392372	5168	5163	0.2948978845511615
TE_AAfree	codon	GTA	-1.6815161149558233	1.1689005723220058	0.15034008262979462	5168	5163	0.20634466084050018
TE_AAfree	codon	GTG	-3.1656458889339802	2.548138395302911	0.21416877769616685	5168	5163	0.27105735927171115
TE_AAfree	codon	TCT	2.767752891377956	1.3835656953494195	0.04550405476331063	5168	5163	0.075220988486289
TE_AAfree	codon	TCC	3.5694209667398447	2.3312050707710523	0.12579398025165048	5168	5163	0.17875986667339805
TE_AAfree	codon	TCA	-1.044600667880775	1.1406646846181205	0.3598237947060505	5168	5163	0.428613637811619
TE_AAfree	codon	TCG	-2.774091031650303	3.3207720827985803	0.4035450776934474	5168	5163	0.47372683033578605
TE_AAfree	codon	CCT	-8.461406558004894	1.552607050919724	5.2765916420493946e-08	5168	5163	1.5829774926148185e-07
TE_AAfree	codon	CCC	-6.847765716158455	3.2789220648105286	0.036808855561092306	5168	5163	0.06272187054417296
TE_AAfree	codon	CCA	-4.802496966296113	1.2388579795716343	0.00010726237046396763	5168	5163	0.00024134033354392714
TE_AAfree	codon	CCG	-13.920997081338047	5.531744558286288	0.011880555415531038	5168	5163	0.022912499729952716
TE_AAfree	codon	ACT	-0.8446576804901025	1.4669877614930864	0.5647910767941544	5168	5163	0.6271336060938341
TE_AAfree	codon	ACC	5.615466746860695	2.2949413431251426	0.014442630733467344	5168	5163	0.027205885800252436
TE_AAfree	codon	ACA	-5.248799995508805	1.0438699051741267	5.118140512369546e-07	5168	5163	1.4806049339354755e-06
TE_AAfree	codon	ACG	-4.9555073548229	2.805098133113179	0.07735306383077681	5168	5163	0.11821883340175324
TE_AAfree	codon	GCT	1.3871003726700315	0.9701665770655967	0.15284789691888903	5168	5163	0.20634466084050018
TE_AAfree	codon	GCC	6.287085286028847	2.3645523211050863	0.00786403942063476	5168	5163	0.01553627300174184
TE_AAfree	codon	GCA	-1.4874401185787893	1.1144048228855281	0.1820204807304008	5168	5163	0.24169932687151582
TE_AAfree	codon	GCG	-8.830646597260353	4.6795943902583375	0.059209134580283304	5168	5163	0.09222961348082591
TE_AAfree	codon	TAT	8.407156125752433	0.5892293136214273	2.4937450801948957e-45	5168	5163	4.0398670299157307e-44
TE_AAfree	codon	TAC	7.644135596120456	2.0250570713840452	0.00016194928944633524	5168	5163	0.00035453763365278794
TE_AAfree	codon	CAT	-1.3263127547192775	1.021184888020064	0.19407130895815744	5168	5163	0.24952025437477385
TE_AAfree	codon	CAC	4.16561222462315	2.39186032209108	0.08164180411619558	5168	5163	0.12246270617429336
TE_AAfree	codon	CAA	-6.540543801562984	0.877542653946223	1.0619634554063903e-13	5168	5163	4.527317888837769e-13
TE_AAfree	codon	CAG	-12.087084707500587	2.9092309265842737	3.309273946585383e-05	5168	5163	8.376599677294251e-05
TE_AAfree	codon	AAT	0.3463838706474136	0.2920958068455851	0.23573333010622505	5168	5163	0.2910074269552517
TE_AAfree	codon	AAC	-1.7289081375750281	1.1134337764543591	0.12053904646596099	5168	5163	0.17435112078112214
TE_AAfree	codon	AAA	-3.6255476941525515	0.3764620768383618	9.043754843437973e-22	5168	5163	5.232458159417685e-21
TE_AAfree	codon	AAG	-4.726231936812469	0.9743944857070128	1.2681386637428087e-06	5168	5163	3.5420424745919827e-06
TE_AAfree	codon	GAT	-6.179301195118792	0.5407762480930474	7.011632866439668e-30	5168	5163	5.1631114743783e-29
TE_AAfree	codon	GAC	-10.552062326276015	1.7613138857496864	2.226518670020018e-09	5168	5163	7.841217924853109e-09
TE_AAfree	codon	GAA	-6.460350663142945	0.41965393990689925	2.5524566158118635e-52	5168	5163	5.1687246470190234e-51
TE_AAfree	codon	GAG	-10.666932106550611	1.500524917804562	1.3299842199987771e-12	5168	5163	5.386436090995047e-12
TE_AAfree	codon	TGT	4.210149569286969	1.0695550118615569	8.38164182413877e-05	5168	5163	0.00019968029051624717
TE_AAfree	codon	TGC	4.2670709018459565	2.8772265370431858	0.13812215524914365	5168	5163	0.19289473405483853
TE_AAfree	codon	TGG	0.07516308003370775	1.6617761385909853	0.963925277978935	5168	5163	0.963925277978935
TE_AAfree	codon	CGT	-6.006226327797234	2.646399747988451	0.02327390318613252	5168	5163	0.04284513995628941
TE_AAfree	codon	CGC	1.7514831708481615	8.530842115847342	0.8373365624669076	5168	5163	0.8585349564534116
TE_AAfree	codon	CGA	-12.234835970791163	3.0088768481076285	4.848751249847083e-05	5168	5163	0.00011901480340533748
TE_AAfree	codon	CGG	6.066252429913785	11.707551831924198	0.6043767463467777	5168	5163	0.6615475196498513
TE_AAfree	codon	AGT	-4.793954622763011	1.0851784342678026	1.0181376522410902e-05	5168	5163	2.660295155855752e-05
TE_AAfree	codon	AGC	-7.686290018078461	2.7234285276522083	0.004786521129383112	5168	5163	0.009941236191795695
TE_AAfree	codon	AGA	-4.7819073224142805	0.8279889452036235	8.129385485263928e-09	5168	5163	2.6339208972255127e-08
TE_AAfree	codon	AGG	-10.709004904728724	2.227196561491334	1.5655065049404903e-06	5168	5163	4.226867563339323e-06
TE_AAfree	codon	GGT	-0.652604359814178	1.0213462239744917	0.5228741286764831	5168	5163	0.5965183721520441
TE_AAfree	codon	GGC	-1.3347439615879368	4.236170141825808	0.7527115903326704	5168	5163	0.7816620361146962
TE_AAfree	codon	GGA	-1.8706988576545958	0.988071996892612	0.05837625183507369	5168	5163	0.09222961348082591
TE_AAfree	codon	GGG	-8.482808220410115	3.020313063121534	0.004994660195873527	5168	5163	0.010114186896643892
TE_AAfree	AA	A	0.25327847027778394	0.5043147003055	0.6155320438433252	5168	5163	0.6647746073507912
TE_AAfree	AA	C	3.66283054967367	0.9341934809519452	8.938143725570139e-05	5168	5163	0.00020685418336319463
TE_AAfree	AA	D	-5.649433606685239	0.47889348154230593	1.031649156308249e-31	5168	5163	8.356358166096816e-31
TE_AAfree	AA	E	-5.704325155230627	0.3703336613210016	2.2432952352583157e-52	5168	5163	5.1687246470190234e-51
TE_AAfree	AA	F	11.40645149785214	0.49902301375775066	3.095779810636794e-110	5168	5163	2.507581646615803e-108
TE_AAfree	AA	G	-1.058559460195954	0.5463869504071962	0.05275331300378819	5168	5163	0.08546036706613686
TE_AAfree	AA	H	-0.39588466330141237	0.8532575538738075	0.642689844524387	5168	5163	0.6849720711378335
TE_AAfree	AA	I	5.548236160888817	0.4108767928039627	7.324179757068481e-41	5168	5163	7.415732004031837e-40
TE_AAfree	AA	K	-3.021276107998117	0.31409303702193303	1.0097108102046799e-21	5168	5163	5.452438375105271e-21
TE_AAfree	AA	L	6.588340109119474	0.46673046638704657	2.0120282777195402e-44	5168	5163	2.7162381749213792e-43
TE_AAfree	AA	M	2.323729637177663	1.114794050088349	0.03716851587802842	5168	5163	0.06272187054417296
TE_AAfree	AA	N	0.17573124892678238	0.2567872265245679	0.4937875756186403	5168	5163	0.5713827660729981
TE_AAfree	AA	P	-4.372523272133613	0.7510629563044503	6.173892908181142e-09	5168	5163	2.0836888565111356e-08
TE_AAfree	AA	Q	-6.761459412816425	0.8241635061050732	2.9080267596062055e-16	5168	5163	1.3086120418227925e-15
TE_AAfree	AA	R	-4.262430974286505	0.6136290673202586	4.214844773682172e-12	5168	5163	1.625725841277409e-11
TE_AAfree	AA	S	-1.180379297931621	0.5400615318107067	0.028886834976292543	5168	5163	0.05199630295732657
TE_AAfree	AA	T	-2.2397353068497545	0.6859447708519318	0.001101067869565977	5168	5163	0.0023470130903906353
TE_AAfree	AA	V	-0.7377430689369016	0.6239578441848618	0.2371171627042792	5168	5163	0.2910074269552517
TE_AAfree	AA	W	0.07516308003370775	1.6617761385909853	0.963925277978935	5168	5163	0.963925277978935
TE_AAfree	AA	Y	7.500343972344839	0.5359739117777704	1.0591351539373072e-43	5168	5163	1.2255706781274553e-42
dTE_AAminusCM	codon	TTT	4.581462312828726	0.46235844224979905	6.095317581420428e-23	5168	5163	3.291471493967031e-22
dTE_AAminusCM	codon	TTC	11.126350164919778	1.3063607279502165	2.1211839188792843e-17	5168	5163	8.181709401391525e-17
dTE_AAminusCM	codon	TTA	2.4465897645578503	0.49731138440924383	8.93986502795681e-07	5168	5163	1.7661684567426868e-06
dTE_AAminusCM	codon	TTG	4.926915968784972	1.216169285599518	5.170874638630951e-05	5168	5163	8.911507355938447e-05
dTE_AAminusCM	codon	CTT	3.921957086132392	1.2668562473581433	0.0019732211888451776	5168	5163	0.0028040511630957783
dTE_AAminusCM	codon	CTC	1.1862504656102562	2.854196034121737	0.6777080514706757	5168	5163	0.7129136645340874
dTE_AAminusCM	codon	CTA	-0.37573767428443144	1.5772148156723658	0.8117132514209539	5168	5163	0.8218596670637158
dTE_AAminusCM	codon	CTG	5.37221467632932	3.246125825829788	0.09799299927431888	5168	5163	0.11575346255897001
dTE_AAminusCM	codon	ATT	5.567855817908929	0.6118775685128358	1.2689378214300177e-19	5168	5163	5.71022019643508e-19
dTE_AAminusCM	codon	ATC	7.057851848085319	1.6646524190662835	2.275909187573994e-05	5168	5163	4.007579221597685e-05
dTE_AAminusCM	codon	ATA	4.106796990548682	0.4627486656864487	9.504211223253914e-19	5168	5163	4.051795310966142e-18
dTE_AAminusCM	codon	ATG	4.5316746271353985	0.8523331827458746	1.100623290172673e-07	5168	5163	2.3460654343154345e-07
dTE_AAminusCM	codon	GTT	-4.759724456702283	0.8028549350492588	3.2556359814380974e-09	5168	5163	7.991106499893512e-09
dTE_AAminusCM	codon	GTC	-8.074126441878956	2.4087288577231987	0.0008079867440863846	5168	5163	0.00118994411401813
dTE_AAminusCM	codon	GTA	-6.030836500434757	0.8920070656729014	1.522341244608499e-11	5168	5163	4.403915743331729e-11
dTE_AAminusCM	codon	GTG	-5.331451434073108	1.9516054769679287	0.006319808198742855	5168	5163	0.008676346849121547
dTE_AAminusCM	codon	TCT	0.25459784128017043	1.0606775315524741	0.8103140340929227	5168	5163	0.8218596670637158
dTE_AAminusCM	codon	TCC	2.9252381364949906	1.7864220808822209	0.10159025416400792	5168	5163	0.11755443696120917
dTE_AAminusCM	codon	TCA	-0.0965123744501469	0.8741994243570603	0.9120957564634486	5168	5163	0.9120957564634486
dTE_AAminusCM	codon	TCG	-1.1919645010733106	2.544936526820384	0.6395418744765453	5168	5163	0.6816169977973706
dTE_AAminusCM	codon	CCT	-11.135804509231432	1.1831248208042522	7.134616379567946e-21	5168	5163	3.3994348632059035e-20
dTE_AAminusCM	codon	CCC	-15.187674586316605	2.5049066506274498	1.429469797212886e-09	5168	5163	3.618345424195118e-09
dTE_AAminusCM	codon	CCA	-9.960691373941389	0.9405986922376451	6.125912516605131e-26	5168	5163	4.47185896399418e-25
dTE_AAminusCM	codon	CCG	-28.993088617510754	4.222524656313602	7.366281831316942e-12	5168	5163	2.2098845493950824e-11
dTE_AAminusCM	codon	ACT	-3.8310098268892427	1.1229728632734157	0.0006510498839944111	5168	5163	0.0009765748259916167
dTE_AAminusCM	codon	ACC	-5.009869119324522	1.7583278585502595	0.004399954164390438	5168	5163	0.006144763574407336
dTE_AAminusCM	codon	ACA	-3.818177532018314	0.8001461445522349	1.8757406221859907e-06	5168	5163	3.6174997713586962e-06
dTE_AAminusCM	codon	ACG	-5.008516493984578	2.149159972864903	0.019820543429741766	5168	5163	0.025483555838239413
dTE_AAminusCM	codon	GCT	-6.312530194038355	0.7384105077430845	1.618083151213964e-17	5168	5163	6.553236762416554e-17
dTE_AAminusCM	codon	GCC	-12.569083066914919	1.8048184701519876	3.7162392482295805e-12	5168	5163	1.1577514581022924e-11
dTE_AAminusCM	codon	GCA	-7.985915206119441	0.8468913938436672	6.057225171664441e-21	5168	5163	3.066470243155123e-20
dTE_AAminusCM	codon	GCG	-20.57686129126124	3.575917656312663	9.20208639600776e-09	5168	5163	2.1296257087903673e-08
dTE_AAminusCM	codon	TAT	4.701502036297917	0.4556886923437945	1.0209512876559294e-24	5168	5163	6.361311869240791e-24
dTE_AAminusCM	codon	TAC	6.8471147037344124	1.551084452301167	1.0335416504797648e-05	5168	5163	1.9026562202013852e-05
dTE_AAminusCM	codon	CAT	-0.8988911443566956	0.7825959539926732	0.25077341323532343	5168	5163	0.27083528629414927
dTE_AAminusCM	codon	CAC	-3.2137032863204706	1.8329552290389437	0.0796114667827515	5168	5163	0.09770498196064957
dTE_AAminusCM	codon	CAA	-2.6104453093886453	0.6751215952975124	0.0001117061726700109	5168	5163	0.0001846571425769568
dTE_AAminusCM	codon	CAG	-5.097697830177278	2.232037477461218	0.022419215638404485	5168	5163	0.028374319792355676
dTE_AAminusCM	codon	AAT	2.5728744531973566	0.22099117061833276	6.089841849322539e-31	5168	5163	7.046816997073224e-30
dTE_AAminusCM	codon	AAC	6.706968673305844	0.848341056672898	3.226261951091125e-15	5168	5163	1.1362052958190485e-14
dTE_AAminusCM	codon	AAA	0.44726659626787924	0.29100863432655566	0.12436609431275479	5168	5163	0.13799525533333065
dTE_AAminusCM	codon	AAG	2.4711320423050007	0.7476198342643594	0.0009551121694087155	5168	5163	0.0013815015307518921
dTE_AAminusCM	codon	GAT	-1.5872707901785605	0.4190405260698554	0.00015367242181853476	5168	5163	0.0002489493233460263
dTE_AAminusCM	codon	GAC	-5.290802921903574	1.3524342235371254	9.268828606971591e-05	5168	5163	0.0001564114827426456
dTE_AAminusCM	codon	GAA	-0.5431722781458115	0.3288059960910841	0.09860480143912259	5168	5163	0.11575346255897001
dTE_AAminusCM	codon	GAG	-1.8371836495457488	1.1552333485496413	0.11182529207039223	5168	5163	0.12716901303583875
dTE_AAminusCM	codon	TGT	-1.3959325125122866	0.8206348213145078	0.08899572498906126	5168	5163	0.1075918466285666
dTE_AAminusCM	codon	TGC	-7.811109855865566	2.2027035831729784	0.00039437646318830856	5168	5163	0.0006027262927972263
dTE_AAminusCM	codon	TGG	-8.332933422759158	1.2681833642503635	5.498510518859545e-11	5168	5163	1.4845978400920769e-10
dTE_AAminusCM	codon	CGT	-11.402240030353086	2.0228212075536067	1.824328613461028e-08	5168	5163	4.104739380287313e-08
dTE_AAminusCM	codon	CGC	-23.500425147256692	6.529309912201341	0.0003221663824636269	5168	5163	0.0005116760192069368
dTE_AAminusCM	codon	CGA	-16.691705472434528	2.297779397067947	4.309526924540922e-13	5168	5163	1.3962867235512588e-12
dTE_AAminusCM	codon	CGG	-22.152722134265368	8.966822926166467	0.013523717327929948	5168	5163	0.017957723009218454
dTE_AAminusCM	codon	AGT	-2.9650411636681557	0.8321562366564095	0.0003698358091497138	5168	5163	0.0005760903950216696
dTE_AAminusCM	codon	AGC	-0.6876922034351343	2.0886416541663686	0.7419775777330988	5168	5163	0.7705151768766795
dTE_AAminusCM	codon	AGA	-6.263524802460855	0.6305651285911863	4.800117725220523e-23	5168	5163	2.777210969591874e-22
dTE_AAminusCM	codon	AGG	-8.511267599511962	1.7064861871581205	6.313730550043395e-07	5168	5163	1.2785304363837877e-06
dTE_AAminusCM	codon	GGT	-8.844803532018124	0.7729829584858408	5.877308371712546e-30	5168	5163	5.950774726358953e-29
dTE_AAminusCM	codon	GGC	-24.45221467895234	3.2284642032563706	4.2642894795738666e-14	5168	5163	1.43919769935618e-13
dTE_AAminusCM	codon	GGA	-9.881387173417375	0.7448669898550794	1.606917657058786e-39	5168	5163	4.3386776740587224e-38
dTE_AAminusCM	codon	GGG	-11.891310379626026	2.310414826638519	2.747429606921049e-07	5168	5163	5.706199952836025e-07
dTE_AAminusCM	AA	A	-4.14996583732814	0.3821428226909594	3.5199785762852416e-27	5168	5163	2.8511826467910456e-26
dTE_AAminusCM	AA	C	-1.890483545077159	0.7164858027816303	0.008351140745662816	5168	5163	0.011274040006644802
dTE_AAminusCM	AA	D	-1.6457082797072529	0.37119930047954597	9.464278083363516e-06	5168	5163	1.7828058715173134e-05
dTE_AAminusCM	AA	E	-0.5389357468127622	0.29014969362320453	0.06330542952904344	5168	5163	0.07888830449003875
dTE_AAminusCM	AA	F	4.4223259490789095	0.3965535279200642	1.4823070547325207e-28	5168	5163	1.3340763492592686e-27
dTE_AAminusCM	AA	G	-6.350591669623029	0.40943620030970596	4.561766616708325e-53	5168	5163	3.695030959533743e-51
dTE_AAminusCM	AA	H	-1.0361357878108886	0.6537343888456267	0.11303912269852333	5168	5163	0.12716901303583875
dTE_AAminusCM	AA	I	3.7018733841972167	0.31621102602888485	2.907246094496737e-31	5168	5163	3.924782227570595e-30
dTE_AAminusCM	AA	K	0.5715160892593103	0.24271691497763206	0.018576839131267134	5168	5163	0.024269741445687706
dTE_AAminusCM	AA	L	2.140488832300432	0.3632884499589138	4.057586311894898e-09	5168	5163	9.666602684220197e-09
dTE_AAminusCM	AA	M	4.5316746271353985	0.8523331827458746	1.100623290172673e-07	5168	5163	2.3460654343154345e-07
dTE_AAminusCM	AA	N	2.3446890479000517	0.19406932612937042	3.6832375892754384e-33	5168	5163	7.458556118282763e-32
dTE_AAminusCM	AA	P	-7.621030502277221	0.5676266845686507	2.0122731686260463e-40	5168	5163	8.149706332935488e-39
dTE_AAminusCM	AA	Q	-2.720780813569014	0.6345586938599113	1.8384614087861628e-05	5168	5163	3.309230535815093e-05
dTE_AAminusCM	AA	R	-5.600046214334126	0.4659638651527687	7.792863466025739e-33	5168	5163	1.2624438814961697e-31
dTE_AAminusCM	AA	S	-0.6166427924567157	0.4139696727618094	0.13639461124089564	5168	5163	0.1492968041961155
dTE_AAminusCM	AA	T	-3.2312417930839956	0.5242797844936071	7.669907798814892e-10	5168	5163	2.004072682916149e-09
dTE_AAminusCM	AA	V	-4.03280186674718	0.474919616745354	2.6348294617796933e-17	5168	5163	9.700963018370689e-17
dTE_AAminusCM	AA	W	-8.332933422759158	1.2681833642503635	5.498510518859545e-11	5168	5163	1.4845978400920769e-10
dTE_AAminusCM	AA	Y	4.3809012187803065	0.41398610157163873	6.62497624295434e-26	5168	5163	4.47185896399418e-25
decay_C	codon	TTT	0.005398627805168201	0.009679317148100218	0.5770400908843755	5168	5163	0.6316249643464109
decay_C	codon	TTC	0.14137563180034135	0.027211264079689372	2.120411074357741e-07	5168	5163	4.907237057799343e-07
decay_C	codon	TTA	-0.05075810673820509	0.0103137335017848	8.85947972466318e-07	5168	5163	1.8400457889685068e-06
decay_C	codon	TTG	-0.04994995574649981	0.025252649056353924	0.047980824862250214	5168	5163	0.06371224284987323
decay_C	codon	CTT	0.057875369255889535	0.026285393895691303	0.02772299981584331	5168	5163	0.040099339019344794
decay_C	codon	CTC	0.11120128176811978	0.05917398554834669	0.06026994611957446	5168	5163	0.07748993072516716
decay_C	codon	CTA	0.09899399822070185	0.03268104314849316	0.002465005948651961	5168	5163	0.003993309636816177
decay_C	codon	CTG	0.18025184730149527	0.06729258123315239	0.007415852067934222	5168	5163	0.011333660707597584
decay_C	codon	ATT	0.003622631933789297	0.012790994939197711	0.7770215694174337	5168	5163	0.8173863262702874
decay_C	codon	ATC	0.07709945020090878	0.034566658682685394	0.025759917188546897	5168	5163	0.03793733258676907
decay_C	codon	ATA	0.050668312718321264	0.009644132638050897	1.5498126636814557e-07	5168	5163	3.8040856290363e-07
decay_C	codon	ATG	-0.09075755698079158	0.017679818861097055	2.9499270969950967e-07	5168	5163	6.288002496226391e-07
decay_C	codon	GTT	-0.16523231648840062	0.016547990078754213	2.8777982920637876e-23	5168	5163	2.590018462857409e-22
decay_C	codon	GTC	-0.25784270354836203	0.049880093669108234	2.438934925731853e-07	5168	5163	5.48760358289667e-07
decay_C	codon	GTA	-0.14163796828705533	0.01847621071902806	2.1071675284010913e-14	5168	5163	1.0667535612530525e-13
decay_C	codon	GTG	-0.21006783821013347	0.040397979273135404	2.07022632433243e-07	5168	5163	4.907237057799343e-07
decay_C	codon	TCT	-0.06397963863285593	0.021979507229727496	0.0036195788454775417	5168	5163	0.005748742872229037
decay_C	codon	TCC	0.02165792622084716	0.03705703710084817	0.5589442044921263	5168	5163	0.6201983638885238
decay_C	codon	TCA	-0.05647005578917747	0.018113019419821824	0.0018330152736094655	5168	5163	0.0030300864727013615
decay_C	codon	TCG	-0.07318602560326072	0.0527707828732687	0.16554237690854967	5168	5163	0.19719018425871357
decay_C	codon	CCT	-0.1807507621395092	0.024618276151619305	2.429840724498121e-13	5168	5163	1.157747639319693e-12
decay_C	codon	CCC	-0.08737831897716583	0.05211974416767693	0.09370246002464197	5168	5163	0.11676768095378462
decay_C	codon	CCA	-0.15534055009493117	0.01959893352047426	2.7526841070122517e-15	5168	5163	1.5926243761999455e-14
decay_C	codon	CCG	-0.2810723715918596	0.08788293038026089	0.0013909529751667765	5168	5163	0.0023472331455939356
decay_C	codon	ACT	-0.15638237243938896	0.0232137916015597	1.7979387258225583e-11	5168	5163	7.281651839581361e-11
decay_C	codon	ACC	-0.12717957582406517	0.0364517079727365	0.0004889000309362175	5168	5163	0.0008425723937411407
decay_C	codon	ACA	-0.09772332266109152	0.01657509686426682	3.965653652412537e-09	5168	5163	1.284871783381662e-08
decay_C	codon	ACG	-0.15698563025933665	0.04454135818705812	0.0004279753213984433	5168	5163	0.0007536087181146501
decay_C	codon	GCT	-0.20885141732839343	0.015145529171400812	1.654704314424907e-42	5168	5163	2.2338508244736244e-41
decay_C	codon	GCC	-0.2076903034807802	0.037494312581606695	3.1881526405405256e-08	5168	5163	8.608012129459418e-08
decay_C	codon	GCA	-0.19643326607020997	0.01750207746391334	6.744948895531092e-29	5168	5163	6.829260756725231e-28
decay_C	codon	GCG	-0.492024676169308	0.07408266540898846	3.4229522987585825e-11	5168	5163	1.3202816009497389e-10
decay_C	codon	TAT	0.05211406709231284	0.009519875053661565	4.601604843437738e-08	5168	5163	1.1647812259951773e-07
decay_C	codon	TAC	0.06133191888938895	0.0322173161782038	0.05700556633034095	5168	5163	0.07447501407673576
decay_C	codon	CAT	0.015446633584307328	0.01623092329907303	0.3413042033349437	5168	5163	0.38396722875181166
decay_C	codon	CAC	0.04268294497289308	0.03802037037669206	0.2616453446196186	5168	5163	0.2984968016082973
decay_C	codon	CAA	0.003689907648831278	0.01402152406485659	0.7924375752235109	5168	5163	0.8229159435013381
decay_C	codon	CAG	-0.010276062884317944	0.046313426898333676	0.8244154078691964	5168	5163	0.8452866840177837
decay_C	codon	AAT	0.02989520591474843	0.004624233006679635	1.1070328518856304e-10	5168	5163	3.8986809131624375e-10
decay_C	codon	AAC	0.10592632254440437	0.01763844145720231	2.0387883948191727e-09	5168	5163	6.880910832514708e-09
decay_C	codon	AAA	0.0931500305775814	0.0058957710208561494	5.976405844876283e-55	5168	5163	4.840888734349789e-53
decay_C	codon	AAG	0.08749502147023441	0.01547346051974456	1.6467933861056313e-08	5168	5163	4.763938009805576e-08
decay_C	codon	GAT	0.01730848453042665	0.008699222564488447	0.04668120330673446	5168	5163	0.06301962446409153
decay_C	codon	GAC	0.11104349274035018	0.02804715652797629	7.622169106628262e-05	5168	5163	0.0001371990439193087
decay_C	codon	GAA	0.05337277894888428	0.006780350506494227	4.232666249404726e-15	5168	5163	2.2856397746785518e-14
decay_C	codon	GAG	0.13887289000755546	0.02388621190369921	6.468480985667455e-09	5168	5163	1.9405442957002364e-08
decay_C	codon	TGT	0.020748661802592022	0.017021481430081302	0.22291156781806867	5168	5163	0.26167879700381974
decay_C	codon	TGC	-0.08239105922261974	0.045723136993387634	0.07161071182908692	5168	5163	0.09063230715868813
decay_C	codon	TGG	-0.11374950169665458	0.026363132988928287	1.627915285273375e-05	5168	5163	3.1395509073129375e-05
decay_C	codon	CGT	-0.30065839006057604	0.04187166609890278	7.933644450500031e-13	5168	5163	3.5701400027250136e-12
decay_C	codon	CGC	-0.198602337302651	0.1355530871858091	0.142947465023472	5168	5163	0.1728170845806154
decay_C	codon	CGA	-0.2650643541440231	0.0477543332079626	2.989334319795875e-08	5168	5163	8.349519996671236e-08
decay_C	codon	CGG	-0.08145250104477558	0.18606955561009786	0.661583676377733	5168	5163	0.7051089182446891
decay_C	codon	AGT	-0.03572979716951288	0.017272154062665215	0.03862993698453335	5168	5163	0.053948705099089674
decay_C	codon	AGC	-0.06551726458652488	0.04330723856078119	0.13037950659110897	5168	5163	0.16001121263454282
decay_C	codon	AGA	-0.06296639466899279	0.013172553244905622	1.8005273518051804e-06	5168	5163	3.6460678874054905e-06
decay_C	codon	AGG	-0.0039560644406667865	0.035475965750085776	0.9112131529232251	5168	5163	0.911213152923225
decay_C	codon	GGT	-0.2322202031347658	0.015907933563983467	2.5172550237287075e-47	5168	5163	6.79658856406751e-46
decay_C	codon	GGC	-0.1430958726764306	0.06729665724102389	0.03352189796762029	5168	5163	0.047636381322407786
decay_C	codon	GGA	-0.14035003750208017	0.015586973605489584	2.9968102431740095e-19	5168	5163	2.206742088155407e-18
decay_C	codon	GGG	-0.27880857848742796	0.0478815392358332	6.133549460282621e-09	5168	5163	1.9108365626265088e-08
decay_C	AA	A	-0.11177773371858438	0.00786286301289114	5.113474765804029e-45	5168	5163	1.035478640075316e-43
decay_C	AA	C	0.007120905407151837	0.014868898253840294	0.632020959648907	5168	5163	0.6825826364208196
decay_C	AA	D	0.02196805436367242	0.0077068880468989355	0.004383127885650986	5168	5163	0.006827564591110191
decay_C	AA	E	0.05032859646573369	0.005978540312473753	4.897591141585507e-17	5168	5163	3.051576018987893e-16
decay_C	AA	F	0.017147208544894318	0.00831917051139058	0.03933697167447642	5168	5163	0.05400499501072186
decay_C	AA	G	-0.12092057439238767	0.008522321053464368	7.431430711886023e-45	5168	5163	1.2038917753255358e-43
decay_C	AA	H	0.016209891498996584	0.013559232057347539	0.23195154976008087	5168	5163	0.26840107900809357
decay_C	AA	I	0.027745754768229547	0.006633147611678954	2.9259473511397043e-05	5168	5163	5.511668266100373e-05
decay_C	AA	K	0.07405171251140326	0.004929842819745968	5.987682672199898e-50	5168	5163	2.425011482240959e-48
decay_C	AA	L	-0.017459215217157164	0.007555627791950272	0.02088552843135398	5168	5163	0.03132829264703097
decay_C	AA	M	-0.09075755698079158	0.017679818861097055	2.9499270969950967e-07	5168	5163	6.288002496226391e-07
decay_C	AA	N	0.0287323129112647	0.004061669439350995	1.7059815884977417e-12	5168	5163	7.272868877279847e-12
decay_C	AA	P	-0.10945345184612383	0.011878489713783805	4.4561131517857895e-20	5168	5163	3.60945165294649e-19
decay_C	AA	Q	0.002429323319448449	0.013183491390927428	0.8538088033335257	5168	5163	0.8644814133751948
decay_C	AA	R	-0.06363926046304708	0.009757761601600096	7.60445712793162e-11	5168	5163	2.799822851647551e-10
decay_C	AA	S	-0.03459145646381554	0.008573664976967228	5.5481611401148635e-05	5168	5163	0.00010213660280665999
decay_C	AA	T	-0.09711104697437677	0.010828962036262204	4.159087754895872e-19	5168	5163	2.8073842345547134e-18
decay_C	AA	V	-0.12131888556456406	0.009773134638240318	6.91703747801619e-35	5168	5163	8.004000510275878e-34
decay_C	AA	W	-0.11374950169665458	0.026363132988928287	1.627915285273375e-05	5168	5163	3.1395509073129375e-05
decay_C	AA	Y	0.04750425306349964	0.008653057697503599	4.2142790236861304e-08	5168	5163	1.1011503255437953e-07
decay_A	codon	TTT	-0.036285397803955455	0.010416467861716606	0.0004990757985794671	5168	5163	0.0013040367640302206
decay_A	codon	TTC	0.01400774133769481	0.029393000655761878	0.633690480362002	5168	5163	0.7031360124564681
decay_A	codon	TTA	-0.07874083040122912	0.011083893203460966	1.375810180255028e-12	5168	5163	1.5920089228665325e-11
decay_A	codon	TTG	0.029946288228256	0.027214035547070123	0.2712097641188663	5168	5163	0.36013099825619954
decay_A	codon	CTT	0.1414694528886433	0.0282643900932409	5.765202888412728e-07	5168	5163	2.746949611537829e-06
decay_A	codon	CTC	0.16299194325865657	0.06373483200255882	0.010575789030184655	5168	5163	0.020057537873782682
decay_A	codon	CTA	0.15719005244530163	0.035173496392688484	8.027000891693928e-06	5168	5163	3.2509353611360404e-05
decay_A	codon	CTG	0.28207666024218386	0.07244434239526946	9.997214403369789e-05	5168	5163	0.0003239097466691811
decay_A	codon	ATT	0.005456196840041513	0.013780771827164333	0.6921743217994849	5168	5163	0.7187964110994651
decay_A	codon	ATC	0.024242460307290447	0.037258139759942514	0.5152935724927897	5168	5163	0.6049098459697966
decay_A	codon	ATA	0.04940498147797544	0.010395503885366534	2.063352124439369e-06	5168	5163	8.796395898925732e-06
decay_A	codon	ATG	-0.06725255013720763	0.01907363583673736	0.00042564214611717104	5168	5163	0.001149233794516362
decay_A	codon	GTT	-0.10586179051457553	0.017939540933614766	3.842553121431167e-09	5168	5163	2.8295163894174955e-08
decay_A	codon	GTC	-0.1238702739214214	0.053851552362729184	0.02147559885409744	5168	5163	0.037815728416997665
decay_A	codon	GTA	-0.11349258595748862	0.01995662209989165	1.3642766203199356e-08	5168	5163	7.367093749727652e-08
decay_A	codon	GTG	-0.022495080340926885	0.04363702877122243	0.6062226673960118	5168	5163	0.6834670942864959
decay_A	codon	TCT	0.010195585097422105	0.0236994724565828	0.6670659062691484	5168	5163	0.7109518211552766
decay_A	codon	TCC	-0.030859058897409523	0.0399238454908186	0.4395885043561354	5168	5163	0.5394949826188934
decay_A	codon	TCA	0.05027094043980153	0.01952059021786774	0.010043541274028558	5168	5163	0.019842118126739347
decay_A	codon	TCG	-0.029207463677665288	0.05686378388339276	0.6075263060324408	5168	5163	0.6834670942864959
decay_A	codon	CCT	-0.08254346324574724	0.02663680009382378	0.001953177245587029	5168	5163	0.004794162330077252
decay_A	codon	CCC	-0.08951349465894909	0.056154691229833055	0.11098561149349674	5168	5163	0.1634515369267861
decay_A	codon	CCA	-0.12110162981213611	0.021176783849642094	1.1343997845887244e-08	5168	5163	6.563313039406191e-08
decay_A	codon	CCG	-0.2638776035220379	0.09470665170784663	0.005351431195500009	5168	5163	0.01140699807461844
decay_A	codon	ACT	0.04496462758262339	0.025112159807382642	0.07342378571887959	5168	5163	0.11437166621594705
decay_A	codon	ACC	-0.10336938495199145	0.039292603461325806	0.008544741037125596	5168	5163	0.01730310060017933
decay_A	codon	ACA	0.045435438203266044	0.017906675563062212	0.011198814018114652	5168	5163	0.02061599853334743
decay_A	codon	ACG	-0.06489451679127053	0.048037563500514524	0.1767828502005853	5168	5163	0.24688639424564499
decay_A	codon	GCT	-0.059713367521658026	0.01659460053579462	0.00032322955945124837	5168	5163	0.0009522749051318879
decay_A	codon	GCC	-0.07848700658233862	0.040501080290014424	0.052689990851359676	5168	5163	0.08703428675117171
decay_A	codon	GCA	-0.01897538421586387	0.019083355988614485	0.32010294556750024	5168	5163	0.4115609300153575
decay_A	codon	GCG	0.13187337770049576	0.08013504637087905	0.09989892206618776	5168	5163	0.15267571108228695
decay_A	codon	TAT	-0.0020546698505202166	0.01028628932068323	0.8416852239093153	5168	5163	0.8522062892081819
decay_A	codon	TAC	0.13759712653729406	0.03466990895890273	7.322298831738295e-05	5168	5163	0.00024712758557116744
decay_A	codon	CAT	-0.022063334801784934	0.017485851985453917	0.20708420938689245	5168	5163	0.2795636826723048
decay_A	codon	CAC	-0.029694079576615094	0.040965634003929545	0.468574812304426	5168	5163	0.5664859671143061
decay_A	codon	CAA	0.04559040175499374	0.015093403354546514	0.00253550142598552	5168	5163	0.005867874728709347
decay_A	codon	CAG	-0.08961354529201182	0.049882214367301905	0.07247299750880126	5168	5163	0.11437166621594705
decay_A	codon	AAT	-0.020266458058678057	0.004994263160414232	5.023708328404452e-05	5168	5163	0.0001769219020003307
decay_A	codon	AAC	-0.008386197593086862	0.019069358098651356	0.6601195985530147	5168	5163	0.7109518211552766
decay_A	codon	AAA	0.06882285197794052	0.006432864910654341	1.951249465144502e-26	5168	5163	1.5805120667670466e-24
decay_A	codon	AAG	0.009902656461482976	0.016721904810749817	0.5537448263171726	5168	5163	0.6407618704527283
decay_A	codon	GAT	0.003769250985220543	0.009375890218279856	0.6876894333599636	5168	5163	0.7187964110994651
decay_A	codon	GAC	0.17331518827923678	0.030167252083391657	9.710161384184251e-09	5168	5163	6.554358934324369e-08
decay_A	codon	GAA	0.07121952711791309	0.007281629256138745	2.1300696910849764e-22	5168	5163	5.7511881659294364e-21
decay_A	codon	GAG	0.155179171650728	0.025728358823122334	1.7380468642921237e-09	5168	5163	1.4078179600766202e-08
decay_A	codon	TGT	0.04057777277540229	0.018332695315643528	0.026912945000941095	5168	5163	0.0463818839377921
decay_A	codon	TGC	0.15131480884284168	0.04923206341331047	0.0021266671693855885	5168	5163	0.005066471785889197
decay_A	codon	TGG	-0.12503453884488575	0.028401247381899357	1.0920510508563305e-05	5168	5163	4.0207334145164896e-05
decay_A	codon	CGT	0.006852078448682683	0.04533665292583293	0.8798729809499494	5168	5163	0.8798729809499494
decay_A	codon	CGC	0.21951003974203118	0.1460417785399023	0.13288387818250366	5168	5163	0.19220703808540707
decay_A	codon	CGA	0.016035903294758222	0.05160277790600965	0.7559982174892115	5168	5163	0.7751374128686852
decay_A	codon	CGG	-0.08991192832767902	0.2004690599314256	0.6538056110487582	5168	5163	0.7109518211552766
decay_A	codon	AGT	-0.06404098722836361	0.01859518770698982	0.0005778300429497979	5168	5163	0.001462632296216676
decay_A	codon	AGC	-0.10188191097765759	0.04664752759788445	0.02900124534304862	5168	5163	0.048939601516394544
decay_A	codon	AGA	-0.09323416520681592	0.014164020804808644	5.08591611038014e-11	5168	5163	5.149490061759892e-10
decay_A	codon	AGG	-0.026752940470629892	0.038219638754920404	0.48397202292710784	5168	5163	0.5764960861337608
decay_A	codon	GGT	-0.11293949790351987	0.017418372047608856	9.769529864356242e-11	5168	5163	8.792576877920618e-10
decay_A	codon	GGC	-0.07059792281816303	0.07252974650457725	0.33041748556534434	5168	5163	0.41818463016863894
decay_A	codon	GGA	-0.0917491152273623	0.016876337196321943	5.6818639708502484e-08	5168	5163	2.876443635242938e-07
decay_A	codon	GGG	-0.14117710455779775	0.05171883592066947	0.006360619221925513	5168	5163	0.013210516845537605
decay_A	AA	A	-0.022049753374427133	0.00863010915894103	0.01064782874781056	5168	5163	0.020057537873782682
decay_A	AA	C	0.046948424332107025	0.01600660945558158	0.00337109780098699	5168	5163	0.007584970052220728
decay_A	AA	D	0.016027980677358618	0.008306850942383275	0.05372486836492082	5168	5163	0.08703428675117171
decay_A	AA	E	0.06525644121644983	0.006421362176491425	4.905916549900419e-24	5168	5163	1.9868962027096698e-22
decay_A	AA	F	-0.025521081398909688	0.008959630255944618	0.0044106123596805566	5168	5163	0.009655664895516895
decay_A	AA	G	-0.06619182064474802	0.0093137072371363	1.3479948437010822e-12	5168	5163	1.5920089228665325e-11
decay_A	AA	H	-0.01917600581321479	0.014608148248257563	0.1893449512525073	5168	5163	0.2599481534144592
decay_A	AA	I	0.025692952622995327	0.0071496415484656175	0.00032918144868756616	5168	5163	0.0009522749051318879
decay_A	AA	K	0.04894849098303745	0.005383243460989901	1.3504543605531743e-19	5168	5163	2.734670080120178e-18
decay_A	AA	L	-0.013123896470648993	0.008142508406668292	0.10707189964772311	5168	5163	0.16060784947158466
decay_A	AA	M	-0.06725255013720763	0.01907363583673736	0.00042564214611717104	5168	5163	0.001149233794516362
decay_A	AA	N	-0.016106004553707972	0.00439143586889245	0.0002473083506856733	5168	5163	0.0007704606309822898
decay_A	AA	P	-0.07361749726068635	0.012861809805782463	1.1009017118366444e-08	5168	5163	6.563313039406191e-08
decay_A	AA	Q	0.03304194166855514	0.014196346197334423	0.019977331533254043	5168	5163	0.03595919675985727
decay_A	AA	R	-0.051455865246735726	0.010531800589162928	1.0614388750040505e-06	5168	5163	4.776474937518227e-06
decay_A	AA	S	-0.009418960814025924	0.009250791674003039	0.3086406568678029	5168	5163	0.4032240839724522
decay_A	AA	T	0.01628517253610942	0.011755329860090065	0.16600723308404006	5168	5163	0.2359050154352148
decay_A	AA	V	-0.07586163731369752	0.010633155708667269	1.1061600274107909e-12	5168	5163	1.5920089228665325e-11
decay_A	AA	W	-0.12503453884488575	0.028401247381899357	1.0920510508563305e-05	5168	5163	4.0207334145164896e-05
decay_A	AA	Y	0.00827924672175447	0.009349167822947684	0.3758960503161426	5168	5163	0.4684243088555008
