species	context	ncells	ngenes	codon_TTT	codon_TTC	codon_TTA	codon_TTG	codon_CTT	codon_CTC	codon_CTA	codon_CTG	codon_ATT	codon_ATC	codon_ATA	codon_ATG	codon_GTT	codon_GTC	codon_GTA	codon_GTG	codon_TCT	codon_TCC	codon_TCA	codon_TCG	codon_CCT	codon_CCC	codon_CCA	codon_CCG	codon_ACT	codon_ACC	codon_ACA	codon_ACG	codon_GCT	codon_GCC	codon_GCA	codon_GCG	codon_TAT	codon_TAC	codon_CAT	codon_CAC	codon_CAA	codon_CAG	codon_AAT	codon_AAC	codon_AAA	codon_AAG	codon_GAT	codon_GAC	codon_GAA	codon_GAG	codon_TGT	codon_TGC	codon_TGG	codon_CGT	codon_CGC	codon_CGA	codon_CGG	codon_AGT	codon_AGC	codon_AGA	codon_AGG	codon_GGT	codon_GGC	codon_GGA	codon_GGG	AA_A	AA_C	AA_D	AA_E	AA_F	AA_G	AA_H	AA_I	AA_K	AA_L	AA_M	AA_N	AA_P	AA_Q	AA_R	AA_S	AA_T	AA_V	AA_W	AA_Y
SP001	MCA_ring	1251	4913	0.0332831217456099	0.006274679796948201	0.04596202621186031	0.009434301970019593	0.0074878381540394385	0.0013481053186464402	0.004732524111915187	0.00115240528002048	0.033490189319486746	0.005590780066024776	0.045126227144216734	0.02291723015883013	0.015266956844233908	0.002216379824916429	0.016899594002387025	0.004675459963859132	0.013671828824198621	0.004951822266391135	0.01642235949271442	0.003100869035907801	0.006685298040202063	0.0016281302963444104	0.00905022636874278	0.0007548665648172604	0.010418866318303256	0.00485750716505417	0.020661872251254505	0.0037688833086340625	0.00811697330361739	0.002093494517787712	0.008489351663975447	0.0008659608060384748	0.04787185173750045	0.005175176106840363	0.020433253636018812	0.00369566678803896	0.023566684981686636	0.0034782584265931464	0.13619984804517687	0.02167949643640372	0.09703399736479683	0.023199442311523013	0.06074950153678621	0.008590067476685736	0.06466625928031405	0.010153055567060596	0.013840713592192246	0.0016545395035420538	0.00383380325435865	0.0030023473047898273	0.00032503345121743523	0.002177787946465646	0.0001899746861345757	0.02237597417220827	0.004171459911385497	0.017419504893596546	0.004134306921358891	0.01257361383883149	0.001106952689066136	0.013039026322527387	0.0022662716799020286	0.019565780291419022	0.0154952530957343	0.06933956901347195	0.07481931484737465	0.0395578015425581	0.02898586453032704	0.024128920424057773	0.08420719652972825	0.12023343967631984	0.07011720104650145	0.02291723015883013	0.15787934448158059	0.018118521270106516	0.027044943408279783	0.027248955203562922	0.06469431370280573	0.039707129043246	0.03905839063539649	0.00383380325435865	0.053047027844340816
SP001	MCA_schizont	765	4913	0.03323444222559347	0.00686795896178405	0.04484723129083534	0.009947827564279749	0.007700686840590797	0.0015702941984930773	0.005161813207625416	0.0013044278199867473	0.033708449633458704	0.005910797390045707	0.04713407217937822	0.023574697791967223	0.013781000223311558	0.0020929696430693656	0.01555351981967468	0.004673914030715824	0.014929583888037246	0.005158620047634077	0.016684253304079143	0.003116272697742937	0.0067332889091456655	0.0015326990740641402	0.007875008045627572	0.0007039628134189504	0.01010900188058253	0.004513566773640244	0.0205984139572797	0.0035868252887343082	0.0066602213866442835	0.0014920073627763908	0.007432722544602901	0.0008276459178853989	0.050623276149612075	0.0057960082038873255	0.02128129402200302	0.0035014889883131636	0.023446400482755474	0.0034362982217178073	0.14101725873696802	0.02225982094852689	0.09812132192922318	0.023288125642235997	0.0598075026104082	0.0085205599343416	0.06236314926029448	0.010301382339448027	0.013659079724451349	0.0016138822194518814	0.0036480622843053363	0.0026715589613922792	0.00028699357334212636	0.0022556979868025144	0.00019570751013806654	0.022869936288088043	0.004202641176291121	0.015491860403828309	0.004008691410835648	0.01099315866710179	0.0010758400934793274	0.011900145053128823	0.0023446604649228426	0.016412597211908974	0.01527296194390323	0.0683280625447498	0.07266453159974251	0.04010240118737752	0.02631380427863278	0.024782783010316185	0.08675331920288262	0.12140944757145918	0.07053228092181113	0.023574697791967223	0.1632770796854949	0.016844958842256327	0.026882698704473282	0.024910509846338944	0.06696130740187256	0.03880780790023678	0.03610140371677143	0.0036480622843053363	0.056419284353499397
SP001	MCA_trophozoite	4477	4913	0.0341540881264267	0.006494823370860171	0.04613053413939222	0.009698153970115836	0.0076044007419623135	0.001434781110720214	0.005050034774518873	0.0012409935695307356	0.034789750654016925	0.005840791266404474	0.04799033452272921	0.023071762122975712	0.014561702655101167	0.002149420363373176	0.01586941772182385	0.004691946301649191	0.014158571396697938	0.004914875966288252	0.016267113048147857	0.003071253507976789	0.006390271714680576	0.0015547505722265738	0.007902866543558852	0.0007245121938235431	0.009927932123833921	0.0045131839847567514	0.0201248162833204	0.0036069077727167555	0.006995078995146381	0.0016697608538796473	0.00723953068250117	0.0007762567231609919	0.050769612929328	0.0054190626665654665	0.021075517023610504	0.003388837474742687	0.022978882751271038	0.003498054930555607	0.14042760402816426	0.021828282961016982	0.09808968758736059	0.023023275302420602	0.06006447895201448	0.008345128045790623	0.06300512070980431	0.010080677214293897	0.014209355403300263	0.0016173260606000765	0.003571542517409433	0.0027596133762501254	0.00030564081287708274	0.0021741110744214606	0.00021820233509713553	0.02180273427907505	0.0039858682826408665	0.016364613102799394	0.004203994196943034	0.01113105813783698	0.0010077238188174761	0.01169817972815265	0.002345196522522715	0.01668062725468819	0.01582668146390034	0.0684096069978051	0.07308579792409821	0.040648911497286874	0.026182158207329824	0.024464354498353193	0.08862087644315061	0.12111296288978118	0.0711588983062402	0.023071762122975712	0.16225588698918125	0.016572401024289547	0.026476937681826643	0.02602617489838823	0.06420041648082676	0.038172840164627825	0.03727248704194738	0.003571542517409433	0.05618867559589347
SP005	MCA_ring	790	5064	0.022869971489026315	0.015933575233597588	0.018005919645557766	0.017302045802113912	0.009337806275875755	0.009056098659143736	0.009795785181832535	0.011183940075877436	0.025153853379908782	0.014058213857190015	0.021062555180732457	0.02388265510026679	0.013270017934234329	0.007479613854033051	0.014962966561879317	0.0158468778570806	0.00985805843729203	0.013844142729493277	0.009957438248071198	0.0070633438392667764	0.006501342537294665	0.008529016154589559	0.011141148380013977	0.0036183769858863938	0.00904358534971332	0.01201404601029878	0.013864333220781185	0.009709822034471483	0.009154976075138066	0.010278511784242448	0.01413021852980758	0.00716518533645047	0.019012685795635382	0.01991898219457108	0.012428157589644665	0.010820759060750904	0.017951854205455125	0.014082731184349736	0.048293119926131896	0.03615855677483106	0.06273917590883432	0.045595150523381194	0.03844888363936449	0.023283047415929327	0.059481402260306175	0.03001295075033475	0.008125969267235557	0.0075510036417848515	0.0067972243232355374	0.0033613065371554374	0.0029455000749086264	0.004611819748693404	0.0021912032328041857	0.01796682001541108	0.015843643272137282	0.01713798261548871	0.012939588091010958	0.013439120193749031	0.008416285225662044	0.024036267865463624	0.011333366924577985	0.040728891725638566	0.01567697290902041	0.061731931055293815	0.08949435301064093	0.0388035467226239	0.05722504020945268	0.02324891665039557	0.060274622417831256	0.10833432643221552	0.07468159564040114	0.02388265510026679	0.08445167670096296	0.029789884057784592	0.03203458538980486	0.043187400300061324	0.07453344654167163	0.04463178661526477	0.0515594762072273	0.0067972243232355374	0.03893166799020646
SP005	MCA_schizont	1647	5064	0.023096701711855534	0.01654620707886137	0.01653884493898476	0.017966194766655664	0.009334703231037066	0.009419861275477432	0.010032476885321513	0.012102938039819069	0.02460177327520809	0.014339077420119004	0.022147593253291648	0.023966075731356576	0.012590890981840578	0.007508271230055325	0.013808661760472768	0.017021284667078758	0.010531573841104893	0.01454880086452426	0.010157619428408399	0.008070480810312017	0.0067798414416490645	0.008200356404778023	0.009679616479546242	0.003872481111415978	0.009156913749529734	0.011707360624677712	0.014541124208071141	0.010550464200346645	0.008395588060651512	0.00921537646609336	0.014392595519146519	0.007534363677884956	0.019011977528399362	0.021039272810181715	0.013251434886131714	0.011740324088383155	0.01766131338732809	0.01484539494760562	0.05055017416194702	0.038372068624569745	0.05683969380371796	0.04476359057372258	0.036045699497596624	0.02325849820080486	0.05437130149391246	0.03088962469532294	0.008512877140428629	0.00789484151500721	0.005466539231403342	0.003335432457127198	0.0030606376797293455	0.004530800958474327	0.0027290837952264947	0.019723247388513852	0.017428258429080516	0.015237329764182876	0.013656860364135144	0.01316476557852414	0.008563120327210608	0.022673811949645458	0.013025911586111407	0.03953792372377635	0.01640771865543584	0.059304197698401485	0.0852609261892354	0.0396429087907169	0.05742760944149161	0.024991758974514867	0.061088443948618745	0.10160328437744054	0.0753950191372955	0.023966075731356576	0.08892224278651677	0.028532295437389305	0.032506708334933715	0.042550145018875385	0.08045998076194394	0.04595586278262523	0.05092910863944743	0.005466539231403342	0.040051250338581076
SP005	MCA_trophozoite	1793	5064	0.024249079081560623	0.017197106057475313	0.016918298126514526	0.018341524683550447	0.009598092595891769	0.010119509925678094	0.010368511216908674	0.01236350268699709	0.02623589239136565	0.015261181854350244	0.02239972107717305	0.02336316752880916	0.01283212666481159	0.007761362328250918	0.01339126867775021	0.016849507225851903	0.010014744760446243	0.01444844822107664	0.00973057556811372	0.0076920226708005034	0.006477615667795799	0.008594861028213842	0.009950679884570232	0.0038165119622485953	0.00862377035163613	0.012105519526789166	0.014280057457910344	0.010319928336372197	0.008146153371408772	0.00973660145618796	0.013496061662939908	0.007286421287267759	0.019548320050574094	0.02193183480655142	0.0128772706430792	0.012001962323534019	0.017371656331122056	0.014611499858510504	0.04898013628208817	0.03775106657735035	0.05826792661406197	0.044393064817065966	0.03592941872393938	0.023555557674266082	0.052269602855903305	0.03008721381401835	0.00884102316320184	0.0082730248660552	0.005663364089616041	0.0033749785131809472	0.003242851650096334	0.004687979996444162	0.002806488157663338	0.01886298880061945	0.01688810516177154	0.016029610811192776	0.01397881948926215	0.012692379116291359	0.00845269215556609	0.022046626846407548	0.01261271047384943	0.0386652377778044	0.01711404802925704	0.059484976398205464	0.08235681666992166	0.04144618513903593	0.05580440859211443	0.02487923296661322	0.06389679532288894	0.10266099143112795	0.0777094392355406	0.02336316752880916	0.08673120285943853	0.02883966854282847	0.03198315618963256	0.04412072861783971	0.0776368851828281	0.045329275672707836	0.05083426489666462	0.005663364089616041	0.041480154857125515
SP011	MCA_gametocyte (female)	127	4879	0.040714085838979626	0.0058430872307920975	0.047582075913957	0.011620612290082624	0.008481009472226426	0.0015618103784311526	0.0068314849263797555	0.0014065382528263934	0.04079630872131406	0.006488003812850723	0.051447028941351426	0.019629451425998194	0.016136934380361314	0.002318596179712	0.013855272856949298	0.0037567515832476824	0.0162229128708275	0.004414421101773222	0.019798208488563212	0.00399405658573978	0.0069895491727466	0.0023226917115627714	0.01097530989655864	0.001077164581419717	0.013268969346343947	0.003838609272765755	0.02226437145408033	0.0027176695742019436	0.008693310667340994	0.0022445570735507192	0.011290433832138411	0.0012714308801225803	0.04676796700167681	0.006925169623958381	0.01604322010886756	0.0033603688815236287	0.02421173998708632	0.003270626050313578	0.1132610289889493	0.02190917488885666	0.10288938537905216	0.014866210411871517	0.047650729907805514	0.0091543406666472	0.06321076648956613	0.00880008617550964	0.012538107882035203	0.004477007983080217	0.005063265518185046	0.0021403749129123495	0.0005866873603790277	0.0043131241759370095	0.0005266803265116699	0.02009103579842798	0.007087568456870149	0.015474670063197549	0.003429626729576609	0.009344939919546108	0.002591883256049985	0.01567198686674365	0.004489507473667147	0.0234997324531527	0.01701511586511542	0.056805070574452714	0.07201085266507576	0.04655717306977172	0.03209831751600689	0.01940358899039119	0.09873134147551621	0.11775559579092368	0.07748353123390335	0.019629451425998194	0.13517020387780596	0.021364715362287727	0.027482366037399897	0.026471163568514214	0.07160820330220184	0.042089619647391975	0.03606755500027029	0.005063265518185046	0.05369313662563519
SP011	MCA_gametocyte (male)	74	4879	0.04161267117174337	0.00596382732429106	0.04794863437605057	0.011529740878051687	0.00850637166994184	0.0015689551743976115	0.006919677649115115	0.0013741803944593855	0.041390809887569636	0.006683308730594095	0.053119213170361314	0.01885766802941442	0.015079664277243724	0.0022128367888391036	0.013380067522176086	0.003655955872698368	0.01610704962253587	0.004202365342551471	0.019136596600119	0.003884501109258955	0.006382053569919183	0.002065679378129879	0.009749252463300256	0.000964738831908197	0.012867041430775793	0.0036226009322777347	0.02185575203629674	0.002596972046867737	0.007883506631472982	0.0020356880563253323	0.0103451550440718	0.0011776313096416775	0.04800663313900119	0.006946987047989167	0.0156454559206606	0.0032844399707203905	0.023931460623141623	0.003126095597925551	0.11536554005164411	0.02209512666848337	0.10716229246327155	0.014889628598819815	0.04807261911861533	0.009344345532106857	0.06550176307080544	0.00910305619180022	0.0122080559481062	0.004295171475062926	0.004654502476814233	0.002034314801113446	0.000551658657005876	0.004138127525923471	0.0005192869814642386	0.019977207996708865	0.006997924868260386	0.01502114521680961	0.003267607939405216	0.008370865193249515	0.002366661404135113	0.014376969466446256	0.00406488873210932	0.021441981041511793	0.016503227423169127	0.057416964650722185	0.07460481926260565	0.04757649849603443	0.029179384795940205	0.01892989589138099	0.10119333178852505	0.12205192106209137	0.07784756014201621	0.01885766802941442	0.13746066672012747	0.019161724243257516	0.027057556221067175	0.025532141121721856	0.07030564553943454	0.040942366446218	0.034328524460957285	0.004654502476814233	0.05495362018699036
SP011	MCA_liver	159	4879	0.040777164867434997	0.005866045811080548	0.047762700438060315	0.011446763230635789	0.008581851231738425	0.0015931951348990068	0.006847059090513175	0.001395702090232471	0.040869254596291545	0.006523010622107309	0.05087726905586491	0.019238963377613053	0.01598000022626198	0.0023145479857165302	0.013607768928851892	0.0036923149445937734	0.01591870945687483	0.004360958064898166	0.01961409352038969	0.00396607890233	0.006822080601758347	0.002327060933498829	0.010899509944152785	0.0010303744161919116	0.013299336364409537	0.0038477910815377108	0.02223461743927839	0.0027044971625147965	0.00864931257130455	0.00223910687471147	0.011302123228517726	0.0012472905801287413	0.046966249989419166	0.006983450114311836	0.016064415333608018	0.0034216838811449764	0.024320665155565205	0.0032072882548148333	0.11288540776020851	0.02192721397570902	0.10423512307577347	0.014755348795524127	0.0484079505624882	0.009157215135235465	0.06393895373294178	0.00883648482820102	0.012110066382563041	0.0043430494957251	0.004958831477929068	0.002166808491146144	0.0005904924051812803	0.004364868808750199	0.0005554700623574276	0.019946769461276943	0.007079382523145219	0.015794367906863803	0.0034441831093666936	0.009274870757651578	0.0026234311494668164	0.015424455902973597	0.004378948696264167	0.023437833254662487	0.01645311587828814	0.057565165697723665	0.0727754385611428	0.04664321067851555	0.031701706506356155	0.019486099214752993	0.09826953427426377	0.1189904718712976	0.07762727121607917	0.019238963377613053	0.13481262173591754	0.02107902589560187	0.027527953410380036	0.026916190783665545	0.07088599192891484	0.04208624204774043	0.035594632085424176	0.004958831477929068	0.053949700103731
SP011	MCA_merozoite	229	4879	0.035666068808124236	0.005130906117545773	0.04511646730143776	0.00989233733708711	0.007670818797513144	0.001352192693453667	0.005698683537567174	0.001031614774084451	0.038600579237452665	0.005915332832017962	0.04639072514149768	0.019316596750449607	0.01608332726844186	0.002085568925757482	0.01420183111843342	0.003341464228479483	0.016163974502997978	0.00419451616798829	0.019980005443539547	0.0035425364608147633	0.007279217694137854	0.0023077760032627834	0.011866075531653213	0.0008396392192539827	0.013843142874310778	0.003749836343235546	0.021836883509163647	0.0024484450885603366	0.0097204128872854	0.0022859194686435332	0.011536693247151187	0.0011526162135580113	0.043619030938439815	0.005892570378982124	0.016705883051096257	0.0030179320967055685	0.027967324846071874	0.00329697828711178	0.12028079705021907	0.02203023814162595	0.1049181938679778	0.013864540046192753	0.052441197230537605	0.008726885943419648	0.07124585454855423	0.008832603522445226	0.01067462514348954	0.003528158738756528	0.004390651669434914	0.002353899999504991	0.0005313585276164734	0.004551337625858216	0.0004405889364485074	0.020996044106691317	0.006780765636027562	0.015962939551543973	0.0031333777995856127	0.01042044505288981	0.002903596901783002	0.016317489218496194	0.0039324856175933535	0.024695641816638133	0.014202783882246068	0.06116808317395725	0.08007845807099945	0.04079697492567001	0.03357401679076236	0.019723815147801825	0.09090663721096831	0.11878273391417055	0.0707621144411433	0.019316596750449607	0.14231103519184501	0.022292708448307833	0.03126430313318365	0.026973502440557774	0.07165784231805945	0.0418783078152703	0.03571219154111224	0.004390651669434914	0.04951160131742194
SP011	MCA_oocyst	252	4879	0.041834396881100855	0.005842828849424354	0.04887159925778343	0.011458349144706236	0.008741585138330114	0.00156468079553201	0.006862602820901461	0.0013616044240357806	0.041484247285036024	0.006526963574856883	0.05182276687858572	0.019223905680795114	0.01634476030138307	0.002338629551790641	0.013735570142409016	0.0035866449914662524	0.015569406039722447	0.0042870761462473015	0.019553781649808206	0.003870176680321778	0.006719953066111486	0.0022671210657740095	0.010933756548868977	0.000998426234307262	0.013167482643005601	0.0037525810551114445	0.022217778997993466	0.0025965657027939475	0.008738029198096714	0.002259296927841479	0.01138621744817478	0.00121609702370017	0.047468966915116005	0.006908823494593265	0.016083633584932904	0.0033971986977300757	0.02418335668145406	0.0031890115092446806	0.1114241424378371	0.021625637309295724	0.10477535817646492	0.014536367368627437	0.047945633695145665	0.009023142775911852	0.06339089090251901	0.008602264747568943	0.012259293841711342	0.0042573690578068205	0.004931857383016781	0.0021485587504414022	0.0005646339725564217	0.004376907358385382	0.0005496861834778746	0.0195219636354908	0.006800237438788978	0.015853301268872747	0.003420099602874739	0.009204042158725575	0.0026048842622953174	0.015475234884162628	0.004342619758935508	0.02359964059781314	0.016516662899518163	0.05696877647105752	0.07199315565008796	0.047677225730525206	0.03162678106411903	0.01948083228266298	0.09983397773847863	0.11931172554509237	0.07886042158128903	0.019223905680795114	0.13304977974713283	0.020919256915061735	0.02737236819069874	0.026913187136608566	0.06960264159037952	0.04173440839890446	0.03600560498704898	0.004931857383016781	0.05437779040970927
SP011	MCA_ookinete	141	4879	0.04170380063539319	0.005739501398896422	0.047550722707383586	0.011558095222689661	0.008612431727779634	0.0015406641919936158	0.00667421696860353	0.0013873790885228483	0.041194406329553714	0.006405354930534467	0.0523545870393338	0.01928503773051305	0.015816882774256726	0.0022712760668132676	0.013531311653371686	0.003729267570069433	0.0155500476510697	0.004377130099994233	0.019482109653987546	0.003853299110105948	0.00668694832052315	0.0022441150189970896	0.010726155680383506	0.0010460561004694243	0.01286059173797437	0.0037089268030451664	0.022225483162489592	0.0026139797993940408	0.008157392818889794	0.0021662039482674964	0.01096990364882131	0.0011793912563356883	0.04760873500326712	0.00685388513869103	0.016047766944941175	0.0033270080620565424	0.024194628587136294	0.0032950272621769215	0.11355003416684831	0.022083872307189122	0.10670729399596429	0.014912606777054662	0.04711626497141791	0.009099204770628096	0.06393761537387023	0.008825679813834073	0.012583173737415783	0.00421256853509307	0.004791092807541307	0.0021466950243635755	0.0005699401300893032	0.004254096655136799	0.0005290448558737947	0.019600480185093545	0.006951861698206669	0.015263099383379448	0.0033903601807064336	0.00880185890657745	0.002525879222595542	0.01529473205193445	0.004322822604460293	0.022472891672314286	0.01679574227250885	0.056215469742046005	0.0727632951877043	0.04744330203428961	0.030945292785567735	0.01937477500699772	0.09995434829942199	0.12161990077301896	0.07732350990697287	0.01928503773051305	0.13563390647403742	0.02070327512037317	0.027489655849313215	0.026153236229549355	0.06981492839845764	0.04140898150290317	0.03534873806451111	0.004791092807541307	0.05446262014195815
SP011	MCA_ring	235	4879	0.03960642411305677	0.005778856474051047	0.04832615842990263	0.010985062938076277	0.008582051350085282	0.0014981310575043225	0.006528270899573311	0.0012158136004370402	0.0403631572095519	0.0064331352230160305	0.04903670965642429	0.019484805814767744	0.01714617574376388	0.002455779725095634	0.014423348377470358	0.0034647094779259213	0.015832459873767787	0.004277035586873256	0.01971287253781427	0.003677873022697906	0.0070414759938277754	0.002341688838567738	0.011630285938493187	0.0009228186012863976	0.013602135167142341	0.0038713271999982783	0.021964140725721133	0.0024795457014717124	0.00984667040141033	0.0024776843228210286	0.012208038152798854	0.0012086289600647408	0.045368276531660603	0.006570545434677569	0.016167181134487597	0.0033622468700733703	0.025129454909226814	0.0030941058233122337	0.10854606997087857	0.02114901912497199	0.10448609704381487	0.014550412270740836	0.04949460548132001	0.008847728851662776	0.06686074963408271	0.008661697432863873	0.011764342792775268	0.004067665523636912	0.005040562234968226	0.0022880858551476532	0.0005489206474712376	0.004440612941408518	0.0005144664257217862	0.019358595817713178	0.0066869861458125224	0.01726216489772284	0.0034484119895301967	0.010254383779218168	0.0027151397778796744	0.016668444686989334	0.004229754854771327	0.02574102183709495	0.01583200831641218	0.05834233433298278	0.07552244706694658	0.04538528058710782	0.0338677230988585	0.019529428004560968	0.09583300208899222	0.1190365093145557	0.07713548827557887	0.019484805814767744	0.12969508909585056	0.021936269372175098	0.02822356073253905	0.028502662757002233	0.06954582298467891	0.04191714879433346	0.0374900133242558	0.005040562234968226	0.05193882196633817
SP011	MCA_schizont	246	4879	0.040023127980098404	0.005811043144744625	0.047630614354367225	0.011111488482374187	0.008484412189358153	0.0015203512658043226	0.006505686355470131	0.0013156056575752625	0.040632425602366996	0.006373031981330408	0.04981356148509763	0.019328800573099297	0.015900250692711167	0.0023081802410865396	0.013895986752374759	0.0037003870743949827	0.016550692446650812	0.004445340528457556	0.020394396919647492	0.003908300339023953	0.006971101821011932	0.002390958085838843	0.011360772352269314	0.0010106126120119426	0.013871235949755197	0.003976490603767941	0.02243076191149459	0.00269960102259329	0.008931379442930381	0.00231734868694702	0.011547903009827828	0.0012516662534363115	0.04631272095779922	0.006668543759622628	0.016005025870212262	0.0033103386599339537	0.025217338699541965	0.0031674675981197263	0.1152317137211501	0.02197423902444045	0.10319119412784436	0.014217694089516128	0.04863429971932768	0.009079573432501875	0.06413220025452479	0.008570192772286092	0.011807948369455446	0.004096501192689034	0.004811399829031359	0.002260981722824177	0.0005861444820587825	0.004233929006655195	0.00048480690065904355	0.020229020532166218	0.006893851644578633	0.015069019583458456	0.0031251415717575923	0.009716688390594945	0.0026765278731020296	0.015761396742926575	0.004120583653302844	0.024048297393141543	0.015904449562144478	0.057713873151829555	0.07270239302681088	0.04583417112484303	0.0322751966599264	0.019315364530146217	0.09681901906879503	0.1174088882173605	0.07656815830494929	0.019328800573099297	0.13720595274559055	0.021733444871132032	0.028384806297661692	0.025760023267413244	0.07242160241052466	0.04297808948761102	0.035804804760567445	0.004811399829031359	0.052981264717421844
SP011	MCA_sporozoite (injected)	104	4879	0.04073439771736944	0.005701688253289117	0.04609105606640244	0.011129852962944293	0.008193494862237475	0.001552832717317027	0.006479459423915459	0.0013589719034911552	0.040825758122146553	0.006448319746063333	0.05118523257138507	0.019330631387260395	0.014881801278068317	0.0021936084373985064	0.012887676406186885	0.003660310756293212	0.01590859461468947	0.004375643317007947	0.019694244877901584	0.003952076571220567	0.006486580845019964	0.002192779684192038	0.010401516191613875	0.0010578017895647416	0.013031879777644365	0.0038248991029577475	0.022132259712763357	0.002662276022406306	0.007737942185372436	0.002002355786090597	0.010501611936563035	0.0011726349567817713	0.047724127748304535	0.00683653166441136	0.016011871162878416	0.003440550979318137	0.024088855146599173	0.003191580200841171	0.12146380288215869	0.023597512214218186	0.10620418087202238	0.014720799592594784	0.047722378155140306	0.009255598149227703	0.06275324430211143	0.008856635021306857	0.012204835524868635	0.004240028399614969	0.004439091233234168	0.002048196466581912	0.0005956568728703389	0.0042213324161399475	0.0005127252243210161	0.020444275027053743	0.007364805707160695	0.014927539710384996	0.0032981555240329617	0.008704738105190363	0.0025061580750690544	0.01471422337384245	0.004120380264943318	0.021414544864807837	0.016444863924483605	0.05697797630436801	0.0716098793234183	0.046436085970658555	0.030045499819045186	0.019452422142196554	0.09845931043959495	0.12092498046461717	0.07480566793630786	0.019330631387260395	0.14506131509637687	0.020138678510390615	0.027280435347440343	0.025603606214331172	0.071739640115034	0.041651314615771776	0.03362339687794692	0.004439091233234168	0.054560659412715894
SP011	MCA_sporozoite (salivary gland)	153	4879	0.04013908712184333	0.005646907856087559	0.045468909682811955	0.01100519277483335	0.00809811366032953	0.0015631098360189808	0.00645061483469133	0.0013415074109042176	0.04053257298321157	0.006506175747643259	0.0507879093340682	0.019381034293984994	0.014684022918271497	0.0021894117630780418	0.012905025380244396	0.003668508156605805	0.015885675692041655	0.004379160010379755	0.019667029009368304	0.003925498524031222	0.00653738210394476	0.0022192121089664716	0.010540974675441088	0.001073951558233789	0.013121023581396567	0.0038680129086372116	0.022084575396904265	0.0026547585094363357	0.007648522606081288	0.002004030105375516	0.010458941883310204	0.001178471754162693	0.047498476548367335	0.0068311691406096105	0.016024878205117943	0.003450912013064949	0.02410157754841415	0.0032039957064349035	0.12334468405792808	0.024048142825372	0.10616075697053237	0.014781193940264569	0.04775031356943086	0.009350941928839087	0.06280235610311104	0.008909505790651416	0.012059039199644968	0.0041991919466763	0.004304502299037112	0.0020348218715651395	0.0005961581145420241	0.004212131386358991	0.0005157483226456461	0.02063562363343968	0.007468909153448048	0.014780202040621025	0.0032927397065359403	0.008726760140702948	0.0025265405449827138	0.01469357575973456	0.004079827349587435	0.0212899663489297	0.01625823114632127	0.05710125549826994	0.07171186189376245	0.04578599497793089	0.03002670379500766	0.01947579021818289	0.09782665806492302	0.12094195091079694	0.07392744819958938	0.019381034293984994	0.14739282688330008	0.02037152044658611	0.027305573254849055	0.025431801442268764	0.07196189602270865	0.04172837039637438	0.03344696821819974	0.004304502299037112	0.05432964568897695
SP011	MCA_trophozoite	67	4879	0.04156078405012948	0.005993861320665957	0.04881520664645008	0.011437525666091856	0.008733167336807499	0.0015796011387772633	0.006861048970594648	0.001363125304001909	0.04129550291388735	0.006519859130645997	0.05073565581830488	0.01937200538590165	0.01643811928587442	0.002346464054645428	0.013811872178803105	0.0036188931987957756	0.01607708718691989	0.0043507200262360764	0.019972650885700417	0.003892376069258289	0.006889562591175549	0.0023551554363042087	0.01118963542890129	0.0010269101303447001	0.013571914775152318	0.0038614881261381123	0.02238157543681849	0.0026503373886596596	0.009013861304510618	0.0023043054990256897	0.011604977483561058	0.0012441630329852456	0.047187613963493254	0.006906558647057719	0.01599439073023581	0.0034028779846061916	0.024738539093697866	0.003209684817513202	0.11159951092252407	0.021479411409214395	0.10212688986351934	0.014345681322603632	0.04843483438968288	0.009013830720584292	0.062997564396518	0.008558922594325525	0.012079917498900557	0.004256459794404676	0.005085481244918348	0.002222042661710954	0.0005841891226431449	0.0043850354591880745	0.0005383920831432368	0.019756840862812014	0.00688291113206606	0.0157779541249889	0.003342454516684153	0.00960777816111481	0.0026374493377355505	0.015694932485234254	0.004282437456810109	0.024167307320082612	0.016336377293305233	0.05744866511026717	0.07155648699084353	0.047554645370795436	0.03222259744089472	0.019397268714842	0.09855101786283824	0.11647257118612298	0.07878967506272326	0.01937200538590165	0.13307892233173846	0.021461263586725746	0.027948223911211066	0.026850067968358465	0.07093258616299274	0.04246531572676858	0.036215348718118726	0.005085481244918348	0.054094172610550974
