gene	sub	grantham	class	quantile_in_coupled_dist
K13	C580Y	194.0	radical(>150)	1.0
K13	R539T	71.0	conservative(<100)	0.3901345291479821
CRT	K76T	78.0	conservative(<100)	0.5067264573991032
DHFR	N51I	149.0	moderate(100-150)	0.9955156950672646
DHFR	C59R	180.0	radical(>150)	1.0
DHFR	S108N	46.0	conservative(<100)	0.179372197309417
DHFR	I164L	5.0	conservative(<100)	0.0
DHPS	S436A	99.0	conservative(<100)	0.8968609865470852
DHPS	A437G	60.0	conservative(<100)	0.2017937219730941
DHPS	K540E	56.0	conservative(<100)	0.1928251121076233
DHPS	A581G	60.0	conservative(<100)	0.2017937219730941
MDR1	N86Y	143.0	moderate(100-150)	0.9955156950672646
MDR1	Y184F	22.0	conservative(<100)	0.0672645739910313
MDR1	D1246Y	160.0	radical(>150)	1.0
