leaf	species	genome_gc
SP016	B. microti	0.3616607839477382
SP010	P. ovale wallikeri	0.2911761075929102
SP009	P. ovale curtisi	0.2810086357001737
SP008	P. malariae	0.2438371982251849
SP014	P. relictum	0.1833484642807999
SP001	P. falciparum	0.1934457185627277
SP002	P. reichenowi	0.1859495149416887
SP003	P. gaboni	0.1820834727758324
SP007	P. coatneyi	0.3964510935896607
SP005	P. knowlesi	0.3862208841827124
SP006	P. cynomolgi	0.4037859696479289
SP004	P. vivax	0.3977864492770924
SP013	P. chabaudi chabaudi	0.2362111197732971
SP012	P. yoelii	0.2173844524888822
SP011	P. berghei	0.2204289347197997
SP017	Th. parva	0.3404445640264728
SP015	B. bovis	0.4160286956708644
SP018	T. gondii	0.5228760329447381
