marker	gene	pos	ref	call_rate	n_alleles	segregating	res_freq_all	res_freq_strict	n_strict
crt_72[C]	crt	72	C	0.9986070711622762	3	True	0.0172307692307692	0.0228900255754475	15640
crt_74[M]	crt	74	M	0.9978696382481872	2	True	0.5353286529539762	0.6056707629288275	15624
crt_75[N]	crt	75	N	0.9978696382481872	6	True	0.5399679763517674	0.612224	15625
crt_76[K]	crt	76	K	0.998033512229096	4	True	0.5579820204425106	0.636736	15625
crt_93[T]	crt	93	T	0.9988528821336392	4	True	0.0442557729379434	0.0552998337808464	15642
crt_97[H]	crt	97	H	0.9987299766479576	4	True	0.0172286487816884	0.0214208069569665	15639
crt_218[I]	crt	218	I	0.9710352738743906	2	True	0.0259471774533794	0.0350622816845712	15173
crt_220[A]	crt	220	A	0.9546069072882952	4	True	0.5443114029440796	0.6257878503419606	14914
crt_271[Q]	crt	271	Q	0.9922569544020649	3	True	0.5338976052848885	0.6055512622359609	15528
crt_326[N]	crt	326	N	0.9847597197754926	3	True	0.2695843907309564	0.3491258854877494	15387
crt_333[T]	crt	333	T	0.9932401982875168	6	True	0.0532090414123082	0.0655389760740931	15548
crt_353[G]	crt	353	G	0.998811913638412	3	True	0.0041427399507793	0.00485778203899	15645
crt_356[I]	crt	356	I	0.9959850874677372	3	True	0.3893299329521615	0.4606258817493908	15594
crt_371[R]	crt	371	R	0.9964357409152362	3	True	0.5085108132554889	0.5639300134589502	15603
dhfr_16[N]	dhfr	16	N	0.9957392764963744	2	True	1.0	1.0	15591
dhfr_51[N]	dhfr	51	N	0.9878323569175304	2	True	0.8329047777040478	0.8064432656229784	15458
dhfr_59[C]	dhfr	59	C	0.986767176041624	3	True	0.9155526031719672	0.9097510373443984	15424
dhfr_108[S]	dhfr	108	S	0.9830390429759516	3	True	0.9493644509272764	0.948597826794196	15369
dhfr_164[I]	dhfr	164	I	0.9889794747838913	3	True	0.2085335542667771	0.262708575863407	15462
dhfr_306[S]	dhfr	306	S	0.9893072227457086	2	True	0.0110154050024846	0.0129265770423991	15472
dhps_436[S]	dhps	436	S	0.9863984595845796	13	True	0.3292353698550483	0.2762262683859263	15433
dhps_437[G]	dhps	437	G	0.988938506288664	2	True	0.2017067815568167	0.1706749418153607	15468
dhps_540[K]	dhps	540	K	0.9851284362325372	7	True	0.4656075854611993	0.5010074748131297	15385
dhps_581[A]	dhps	581	A	0.9850464992420828	2	True	0.2224671435701214	0.2676770962076367	15373
dhps_613[A]	dhps	613	A	0.987504608955713	4	True	0.0564221705940922	0.0378704364178717	15421
exo_415[E]	exo	415	E	0.9986480396575034	3	True	0.1089596324253363	0.1415872609835646	15637
mdr1_86[N]	mdr1	86	N	0.9863165225941252	5	True	0.1219106957424714	0.0912922258963885	15423
mdr1_184[Y]	mdr1	184	Y	0.969191691589168	2	True	0.5550154288371306	0.5047247736734289	15133
mdr1_1034[S]	mdr1	1034	S	0.949977467327625	3	True	0.0028031740555459	0.0039824502193722	14815
mdr1_1042[N]	mdr1	1042	N	0.9558769306403376	2	True	0.0168009600548602	0.0226556739727863	14919
mdr1_1226[F]	mdr1	1226	F	0.969478471055758	2	True	0.0437795807978363	0.0523225125362892	15156
mdr1_1246[D]	mdr1	1246	D	0.968249416198943	2	True	0.039053905390539	0.0288264462809917	15125
fd_193[D]	fd	193	D	0.9972141423245524	4	True	0.2220122427180477	0.2879011080509832	15613
mdr2_484[T]	mdr2	484	T	0.9926666393543364	2	True	0.2306231943871234	0.2948635427394439	15536
