set	n_set	n_in_top10	OR	lo	hi	p	q_bh	ylab
ApiAP2 [InterPro-formal]	24	19	35.32289628180039	13.13354892671436	95.00151167799918	2.0612137326919728e-15	1.2367282396151836e-14	ApiAP2 (formal, n=24)
ApiAP2 [regex-baseline]	28	22	34.27755905511811	13.834373623306735	84.92983396065532	1.5059735283918084e-17	2.710752351105255e-16	ApiAP2 (regex, n=28)
PUF [regex-baseline]	2	1	8.986767485822305	0.5612657933338439	143.89259207214033	0.1905278748002752	0.263807826646535	PUF strict (regex, n=2)*
RNA_binding_broad [InterPro-formal]	467	70	1.6704632570364693	1.273105222264953	2.191843568235833	0.0003659011619232	0.0009408887020882	RNA-binding broad (formal, n=467)
RNA_binding_broad [regex-baseline]	201	49	3.084951854688697	2.2058950845412872	4.314315767980534	1.848189145097964e-09	8.316851152940838e-09	RNA-binding broad (regex, n=201)
chromatin_reg [InterPro-formal]	176	31	1.975122659111326	1.3257088632385647	2.942659302288289	0.0019070844467618	0.0038141688935237	chromatin (formal, n=176)
chromatin_reg [regex-baseline]	131	19	1.5413929270338271	0.9397689681357476	2.5281662153870106	0.1027980475874436	0.1850364856573986	chromatin (regex, n=131)
CCR4_NOT [InterPro-formal]	8	2	2.998106060606061	0.6035801309206648	14.892206502775467	0.1876561961188259	0.263807826646535	CCR4-NOT (formal, n=8)
CCR4_NOT [regex-baseline]	12	6	9.062977099236642	2.9124658055452515	28.202066353843637	0.0005387093320433	0.0012120959970974	CCR4-NOT (regex, n=12)
transcription_reg [InterPro-formal]	4	0	0.0	0.0	inf	1.0	1.0	transcription (formal, n=4, 0 hits)
transcription_reg [regex-baseline]	89	26	3.842025699168557	2.4108561681878244	6.122788106503758	2.832114475706655e-07	1.0195612112543955e-06	transcription (regex, n=89)
sexual_gametocyte [InterPro-formal]	24	19	35.32289628180039	13.13354892671436	95.00151167799918	2.0612137326919728e-15	1.2367282396151836e-14	sexual/gametocyte (formal == AP2 set)
sexual_gametocyte [regex-baseline]	45	13	3.711254835589942	1.9355074935730472	7.116176248567911	0.0003186414347677	0.0009408887020882	sexual/gametocyte (regex, n=45)
proteostasis [InterPro-formal]	318	35	1.1173216261555483	0.7769953862465696	1.6067117493522831	0.5629580289930994	0.6755496347917194	proteostasis (formal, n=318)
proteostasis [regex-baseline]	166	19	1.1655417548624147	0.7165510246939774	1.8958699876368696	0.5117915262107234	0.6580176765566444	proteostasis (regex, n=166)
PUF_strict [InterPro-formal]	2	1	8.986767485822305	0.5612657933338439	143.89259207214033	0.1905278748002752	0.263807826646535	PUF strict (IPR, n=2)*
PUF_repeatbroad [InterPro-formal]	79	9	1.156155744447491	0.5741636080136768	2.3280752850972948	0.7041603746781677	0.7921804215129387	PUF repeat-broad (n=79)
TF [GO-curated nonIEA]	10	1	0.9968494013862634	0.1260433438079288	7.883865177033188	1.0	1.0	TF (GO curated non-IEA, n=10)*
