pole	contrast	test	n	stat	p	med_hit	med_rest	q_bh
gametocyte	female-vs-male	spearman(asn_frac,logFC)	4949	-0.0881135998350514	5.324520675117036e-10			2.738324918631618e-09
zygote	12_h-vs-0_h	spearman(asn_frac,logFC)	4953	0.0228232258218922	0.1082636814231993			0.1948746265617587
zygote	20_h-vs-0_h	spearman(asn_frac,logFC)	4953	-0.013755086656838	0.3331188941137287			0.4996783411705931
zygote	20_h-vs-12_h	spearman(asn_frac,logFC)	4953	-0.0257407732926882	0.0700765557459384			0.1327766319396728
liver	GFP-vs-NoGFP(all-days)	spearman(asn_frac,logFC)	5285	0.1034058519915711	4.852412790752976e-14			4.367171511677679e-13
liver	GFP-vs-NoGFP(all-days)	MW Asn-top10 vs rest	5285	1479890.0	4.1575367351723195e-11	4.340512175782142	3.3181945289800567	2.99342644932407e-10
liver	GFP-vs-NoGFP(all-days)	MW AP2(IPR001471) vs rest	5285	79885.5	0.0246591866896231	5.134024525416986	3.427844529817188	0.0682869785251102
liver	GFP-vs-NoGFP(all-days)	MW PUF-strict vs rest	5285			4.538886644223367	3.4410363267179704	1.0
liver	GFP-vs-NoGFP(Day2)	spearman(asn_frac,logFC)	5285	-0.0284997291603862	0.0382837066275188			0.081071378740628
liver	GFP-vs-NoGFP(Day4)	spearman(asn_frac,logFC)	5285	0.0646644767925203	2.541263371387083e-06			1.0165053485548332e-05
liver	GFP-vs-NoGFP(Day6)	spearman(asn_frac,logFC)	5285	0.1045317552400166	2.569771192882769e-14			3.083725431459323e-13
liver	GFP-vs-Day0naive	spearman(asn_frac,logFC)	5285	0.1135752209024591	1.2158516075768224e-16			2.1885328936382805e-15
