contrast	feature	n	spearman_rho	spearman_p	lenadj_rho	lenadj_p	MW_AsnTop10_p	median_Top10	median_rest	arm	spearman_q	rho_lo	rho_hi	arm_rank
GSE151189_DHA-CTRL_Cam3II_R539T_16.0h_STAGEADJ	asn_frac	4721	0.0653239157989046	7.05622751041226e-06	0.0543137021287688	0.0001887345514614	0.8699541783557101	-0.0301483047490995	-0.0378428597759886	acute	3.52811375520613e-05	0.036865407931006226	0.09367655558977413	0
GSE151189_DHA-CTRL_Cam3II_R539T_24.0h_STAGEADJ	asn_frac	4763	0.0182984817964461	0.2067205085084387	0.0177628968361094	0.2203220494626552	0.7956950242622156	-0.0152701693894736	-0.0228114672200135	acute	0.6890683616947958	-0.010107911957009146	0.046675365408076784	0
GSE151189_DHA-CTRL_Cam3II_R539T_32.0h_STAGEADJ	asn_frac	4743	0.0657499785471612	5.846245438447601e-06	0.0170719243340635	0.2397908750291546	0.0676890003296089	0.0240940022094632	-0.0298941366146172	acute	1.9487484794825332e-05	0.037358925245749526	0.09403497352135745	0
GSE151189_DHA-CTRL_Cam3II_R539T_40.0h_STAGEADJ	asn_frac	4743	-0.0956645676470005	4.062665990317142e-11	-0.0768800307680723	1.1508427692542861e-07	1.0319955291766212e-05	-0.028613568885701	0.0422739471073614	acute	2.0313329951585707e-10	-0.12378849135636867	-0.06738707948904088	0
GSE151189_DHA-CTRL_Cam3II_R539T_48.0h_STAGEADJ	asn_frac	4733	-0.0516012509874488	0.000383144843029	-0.0718482407225417	7.497259617814477e-07	0.0836503229513793	-0.0298740526369273	-0.0126227775691899	acute	0.0038314484302901	-0.07997469120780845	-0.023144260252625216	0
GSE151189_DHA-CTRL_Cam3II_R539T_8.0h_STAGEADJ	asn_frac	4767	0.0436343176217531	0.0025841521490319	0.0789653502459768	4.7845343539690625e-08	0.2688708430394217	-0.0551087471139283	-0.0170641903024035	acute	0.0086138404967732	0.015264004452641528	0.071934430623343	0
GSE151189_DHA-CTRL_Cam3II_revWT_16.0h_STAGEADJ	asn_frac	4772	0.0639841003701573	9.717085696687612e-06	0.018232874363474	0.2079236019877318	0.0488807473216354	0.0448003083452293	0.0089202945733204	acute	3.2390285655625374e-05	0.03567452442153978	0.09219107014405903	0
GSE151189_DHA-CTRL_Cam3II_revWT_24.0h_STAGEADJ	asn_frac	4753	0.0777509632203541	8.004682296284513e-08	0.0046189259968813	0.7502149415633174	0.0002723401832681	0.0851227289108372	-0.0015114584230849	acute	2.001170574071128e-07	0.04942922358021067	0.1059477664731687	0
GSE151189_DHA-CTRL_Cam3II_revWT_32.0h_STAGEADJ	asn_frac	4604	0.0525471388135448	0.0003611387336597	0.0016505168328007	0.9108536756104904	0.0027966900254202	0.0805313257908727	-0.0353004077694375	acute	0.0007222774673195	0.02369566434179134	0.08131115570634738	0
GSE151189_DHA-CTRL_Cam3II_revWT_40.0h_STAGEADJ	asn_frac	4647	-0.0250147969579537	0.0881870722619033	-0.0556105204452879	0.0001489439308188	0.3120556271971345	-0.0177847945588067	0.0113211168534759	acute	0.1763741445238066	-0.05372961952436646	0.0037413623115715488	0
GSE151189_DHA-CTRL_Cam3II_revWT_48.0h_STAGEADJ	asn_frac	4768	-0.122414250903928	2.2041974023151105e-17	-0.077198333695098	9.4409759190418e-08	8.608440826756707e-07	-0.083865549196903	-0.0126416292902216	acute	1.1020987011575551e-16	-0.1502782956228091	-0.09435588246636731	0
GSE151189_DHA-CTRL_Cam3II_revWT_8.0h_STAGEADJ	asn_frac	4760	0.0166048940879277	0.2520453865314531	-0.0096501815676166	0.5056455599783343	0.0772905757559931	0.0222927547676111	0.0008080115348647	acute	0.5040907730629062	-0.011810767648992415	0.04499375848639849	0
GSE151189_DHA-CTRL_Dd2_C580Y_24.0h_STAGEADJ	asn_frac	4780	0.0950637833519952	4.5281996173885e-11	0.0435501309137814	0.0025988301626002	1.5557636885098815e-05	0.0906439696133362	0.0081937207332334	acute	1.5093998724628336e-10	0.06689348196794688	0.12308264852349388	0
GSE151189_DHA-CTRL_Dd2_C580Y_3.0h_STAGEADJ	asn_frac	4782	0.0104936148545565	0.4681546734685307	-0.0410767001084806	0.004497334961772	3.054021858475545e-07	0.0298370470306731	-0.0142858988514329	acute	0.7802577891142178	-0.01785635348112711	0.03882672349397359	0
GSE151189_DHA-CTRL_Dd2_C580Y_32.0h_STAGEADJ	asn_frac	4777	0.1259025382599963	2.4504373895881086e-18	0.0743063448598388	2.7253845317385386e-07	2.68956427874461e-06	0.1078335256960718	-0.0390330736544681	acute	1.2252186947940541e-17	0.09789257822138829	0.15371318904394032	0
GSE151189_DHA-CTRL_Dd2_C580Y_48.0h_STAGEADJ	asn_frac	4782	-0.0938732895594487	7.81102235437229e-11	0.0022497825966519	0.8763983770496284	5.941107197449183e-07	-0.1270610903526257	-0.0279808105086705	acute	1.562204470874458e-10	-0.12189361146013751	-0.06570345654557518	0
GSE151189_DHA-CTRL_Dd2_C580Y_6.0h_STAGEADJ	asn_frac	4781	0.0905137634587411	3.6153512958117405e-10	0.0538640898331564	0.0001944255099097	0.1055804531558944	0.0152768778985681	0.0025744382236446	acute	1.8076756479058702e-09	0.06232606117940504	0.1185571851134569	0
GSE151189_DHA-CTRL_Dd2_R539T_24.0h_STAGEADJ	asn_frac	4782	0.1591962001190878	1.6300631034365787e-28	0.1066871740191355	1.3948227714289125e-13	2.605938368236469e-10	0.152017324844299	-0.0168096146803705	acute	1.6300631034365787e-27	0.13144466883144973	0.1866984065559192	0
GSE151189_DHA-CTRL_Dd2_R539T_3.0h_STAGEADJ	asn_frac	4781	0.0748733277883242	2.1831951720315575e-07	0.0795942614379121	3.5714000497475365e-08	0.0280527552838277	-0.0155840675960151	0.0175174911877386	acute	1.0915975860157787e-06	0.04662466614717163	0.10300232892471556	0
GSE151189_DHA-CTRL_Dd2_R539T_32.0h_STAGEADJ	asn_frac	4782	0.0909057305564252	3.0206948497738856e-10	0.0958196123758522	3.143908243329787e-11	0.9977730191247636	-0.0400725022896601	-0.041881393802615	acute	3.020694849773886e-09	0.06272269041738193	0.11894390595219947	0
GSE151189_DHA-CTRL_Dd2_R539T_48.0h_STAGEADJ	asn_frac	4782	-0.1211104835519452	4.322841190407821e-17	0.0174532514212125	0.2275462600171223	5.354121807918912e-12	-0.1903973213581335	-0.0376175992763484	acute	8.64568238081564e-17	-0.14894384107995817	-0.09308537311238983	0
GSE151189_DHA-CTRL_Dd2_R539T_6.0h_STAGEADJ	asn_frac	4783	0.1227814404924706	1.574861291499769e-17	0.0973684451688554	1.4968404491949052e-11	0.0278806376690575	0.0060106491841803	-0.0012233185228681	acute	7.874306457498843e-17	0.09476952902971576	0.15059907440629017	0
GSE151189_DHA-CTRL_Dd2_WT_24.0h_STAGEADJ	asn_frac	4784	0.1159655272201387	8.555263964285308e-16	0.0444348183972027	0.0021112835850983	2.5167303611142683e-09	0.2173897735668	0.0044006169131747	acute	2.0139025405738586e-15	0.08791571490159197	0.14383158233468823	0
GSE151189_DHA-CTRL_Dd2_WT_3.0h_STAGEADJ	asn_frac	4784	0.1625141333704329	1.1331912746622402e-29	0.0509060645590397	0.0004277289802067	2.648451940904312e-19	0.060342233097353	-0.0129372914274461	acute	2.2663825493244804e-29	0.13479619862921294	0.18997793171188546	0
GSE151189_DHA-CTRL_Dd2_WT_32.0h_STAGEADJ	asn_frac	4783	0.1122305964267182	7.006858773564325e-15	0.0437029718858633	0.0025018424738959	1.4325493117772424e-06	0.2002022602705006	-0.0319932410733506	acute	1.4013717547128647e-14	0.08415658844986315	0.14012657478076032	0
GSE151189_DHA-CTRL_Dd2_WT_48.0h_STAGEADJ	asn_frac	4784	-0.0173269376979599	0.2308314546434336	0.0104109355309469	0.4715748979016081	0.6797806010036456	-0.0428896768437538	-0.0267713108594816	acute	0.4616629092868673	-0.04564325691940571	0.011017203136856052	0
GSE151189_DHA-CTRL_Dd2_WT_6.0h_STAGEADJ	asn_frac	4781	0.0063980820136645	0.6582845806341463	-0.0064766204660825	0.6543610126489676	0.5712005543854792	-0.0113381478894517	-0.0039778826394371	acute	1.0	-0.02195352130362373	0.034739402912163944	0
GSE225340_DORM_EARLY_vs_Rings	asn_frac	3307	0.2165125553007127	2.2250025002230143e-36	0.1118282335738903	1.1284558292093748e-10	0.0017792962553496	0.0933378018796111	-0.0687353609493771	acute	2.2250025002230147e-35	0.18378350885039396	0.24876206606984932	0
GSE225340_DORM_LATE_vs_Rings	asn_frac	3493	0.0828655089694861	9.382422987503166e-07	0.0318337349548928	0.0599408741735693	0.8111424759790453	0.4858588715794255	0.506059586573774	acute	3.127474329167722e-06	0.04983716534065589	0.11571280918680048	0
scRNA_580Y_2h_DHAvsDMSO	asn_frac	5326	0.1633358373900055	3.639107918984337e-33	0.0723950575736669	1.2295188878630936e-07	1.5810432893168302e-18	0.3290546289232585	0.1754137375456057	acute	7.278215837968674e-33	0.1370792041180774	0.18936310792111266	0
scRNA_580Y_4h_DHAvsDMSO	asn_frac	5326	0.1175665321388991	7.448117487613805e-18	0.0226274716294937	0.098705052513391	1.268051736548956e-11	0.3295520574609822	0.1687211538551913	acute	1.8620293719034517e-17	0.09099587865232941	0.14396991481890542	0
scRNA_580Y_6h_DHAvsDMSO	asn_frac	5326	0.0656666528533814	1.615679358589771e-06	0.0156459914009488	0.2536046498075953	3.528719031331708e-08	0.3420239283545188	0.1067670681029016	acute	4.039198396474427e-06	0.03887723756230166	0.09236173893154599	0
scRNA_DiD_580YxDHA_2h	asn_frac	5326	0.0665206406275561	1.1805023099334445e-06	0.0199134716081206	0.1462023362305867	0.0010308447072712	0.0593884226976788	0.0084474119024653	acute	2.3610046198668885e-06	0.03973364710990309	0.09321208901689862	0
scRNA_DiD_580YxDHA_4h	asn_frac	5326	0.021065209346454	0.1242597452092107	-0.0629125675208163	4.331672108743528e-06	0.5155920226820834	0.0420173528189984	0.076187770025677	acute	0.2485194904184214	-0.005796051935901145	0.04789609327671894	0
scRNA_DiD_580YxDHA_6h	asn_frac	5326	0.0370722210151325	0.0068138984577032	0.0100181380553674	0.4648005755386579	0.1963326001022242	-0.2850156768572862	-0.2901555389786541	acute	0.017034746144258	0.010224419260739916	0.06386661204029737	0
scRNA_WT_2h_DHAvsDMSO	asn_frac	5326	0.1921047783623972	1.9111042661272068e-45	0.1129323442089107	1.38225457418725e-16	2.0239207273867786e-18	0.2757407475143187	0.1729217002481053	acute	1.911104266127207e-44	0.1661038167043216	0.21783881090239665	0
scRNA_WT_4h_DHAvsDMSO	asn_frac	5326	0.2146952134615735	1.4096784369856233e-56	0.191820559723148	2.5876097429346316e-45	7.808951603610583e-40	0.3012469679884937	0.0358929937604894	acute	1.4096784369856231e-55	0.1889266353205381	0.2401683177045445	0
scRNA_WT_6h_DHAvsDMSO	asn_frac	5326	0.0811619117540086	3.000909691571412e-09	0.0407638616013621	0.0029254704200047	6.97471011098418e-16	0.5833229840437113	0.3978171656928539	acute	6.001819383142824e-09	0.05442256245813217	0.1077849393304269	0
GSE59099_RvsS_Mekong	asn_frac	5181	0.0482711960399796	0.0005095066256583	0.0492242721595308	0.0003934844312405	0.792378108886556	-0.0150656605000001	-0.0108125934999999	chronic	0.0025475331282918	0.021067633652572595	0.07540333494830236	1
GSE59099_RvsS_preACT	asn_frac	5181	0.0065733976787392	0.6361856333641907	0.01645881008491	0.2362208332183692	0.2457539587306995	-0.0158656614999999	-0.0132047588749999	chronic	1.0	-0.020661556260055176	0.033798603147073614	1
Mok2021_Rings_E1_C580Y	asn_frac	2549	-0.1034493084729336	1.6552477862704026e-07	-0.0003336854991122	0.9865652766146636	0.0184982099809632	-0.0394999999999994	0.0689999999999994	chronic	4.138119465676007e-07	-0.1417049024637351	-0.06488517633814943	1
Mok2021_Rings_E1_R539T	asn_frac	2605	-0.1155802596060656	3.2960668737321782e-09	-0.001704466149496	0.9307089508732822	0.0019278421610062	-0.1169999999999991	-0.0624999999999999	chronic	8.240167184330446e-09	-0.15330484757818735	-0.07751926929857811	1
Mok2021_Rings_E2_C580Y	asn_frac	2191	0.0310974699663749	0.145631804047065	0.0414750483940306	0.0522465934076087	0.0386078686552236	0.2657500000000001	0.1734999999999997	chronic	0.4854393468235501	-0.01079385493072976	0.07287982854216794	1
Mok2021_Rings_E2_R539T	asn_frac	2205	-0.0574357524734238	0.0069813420873926	0.0089872352804583	0.6731807395388911	0.279509100308864	0.0067000000000003	0.0289999999999999	chronic	0.0174533552184817	-0.09894261376867534	-0.015729378875392205	1
Mok2021_Troph_E1_C580Y	asn_frac	2381	-0.1306737701372109	1.5496677320167736e-10	-0.1035796660767785	4.0798098650927523e-07	7.493489654790454e-08	-0.0999999999999996	-0.0449999999999999	chronic	8.406128376616422e-10	-0.16995297378055296	-0.09098001047397086	1
Mok2021_Troph_E1_R539T	asn_frac	2387	-0.1187046301112567	5.988308807255937e-09	-0.0663756927609887	0.0011753608522719	1.5756006468295992e-07	-0.1495000000000006	-0.0769999999999999	chronic	1.9961029357519788e-08	-0.15807262111043577	-0.07895986249230878	1
Mok2021_Troph_E2_R539T	asn_frac	2034	-0.0571171148078482	0.00998075099368	0.0088905004863071	0.6886247937828731	0.7497915631284315	0.015999999999999	0.0305000000000008	chronic	0.0249518774842002	-0.10033181021058071	-0.013687322277303012	1
GSE226632_dTEinteraction	asn_frac	5282	0.2302880011559123	1.589989971052683e-64	0.1263933015705559	2.950067196811097e-20	1.020380764277569e-15	0.0980182691924141	-0.0585212963483961	other	1.589989971052683e-63	0.20458903366378625	0.2556697177022042	2
