aa	p_masked_full	q_masked_full	significant_full_FDR05	direction_consistent_masked_unmasked	n_loo_significant_p05	n_loo_same_direction	robust_5of7_plus_direction	classification	slope_masked_full	slope_unmasked_full	r2_masked_full	r2_unmasked_full
A	4.273672807967563e-09	4.273672807967563e-08	True	True	7	7	True	ROBUST	4.067532348999427	4.070741315519491	0.9207225226655444	0.9207930696261101
R	2.481487262886101e-08	9.925949051544404e-08	True	True	7	7	True	ROBUST	2.7007954578639795	2.7031364944800766	0.8982310143587418	0.8988079507216412
N	1.0533839276972103e-08	7.022559517981401e-08	True	True	7	7	True	ROBUST	-4.801171556222787	-4.834718158172247	0.9098842324617129	0.9116083447643467
D	2.9697563193113436e-07	8.396283934422105e-07	True	True	7	7	True	ROBUST	-0.9075833858567541	-0.9249317816375914	0.8553535058091445	0.8528553219842622
C	0.3437474612386249	0.38194162359847206	False	True	0	0	False	NOT_SIGNIFICANT	0.1444765274207676	0.1498894556559643	0.06418874123821569	0.06929201821263467
E	0.12368216660919196	0.1455084313049317	False	True	1	1	False	NOT_SIGNIFICANT	-0.5063039465203076	-0.5123996769631777	0.16083308678385055	0.1620824541609329
Q	0.0004869348798324908	0.0007491305843576781	True	True	7	7	True	ROBUST	0.7109839562699254	0.7108834700874022	0.5926338229445032	0.5924257944774964
G	9.952205240660985e-11	1.990441048132197e-09	True	True	7	7	True	ROBUST	2.9067559397505836	2.9063872607136974	0.9535670991521129	0.9532664584471108
H	0.5361359420664595	0.5643536232278521	False	True	1	1	False	NOT_SIGNIFICANT	0.15623868519132558	0.15655596576885272	0.027932369953890743	0.027840773280204328
I	2.4411384080458643e-08	9.925949051544404e-08	True	True	7	7	True	ROBUST	-3.5358118406889405	-3.5326250767389746	0.8984674217683799	0.8977397446618535
L	0.7778811925134458	0.7778811925134458	False	True	0	0	False	NOT_SIGNIFICANT	-0.05454469070518908	-0.04838165166784574	0.005872616710435226	0.004614098409159692
K	1.0352313628968494e-06	2.3005141397707762e-06	True	True	7	7	True	ROBUST	-2.9888533450223758	-2.9858788296389682	0.8274564913804516	0.8268848953324943
M	0.04094497507123941	0.05459330009498588	False	True	5	5	False	NOT_SIGNIFICANT	-0.5978581925029784	-0.5982550805636007	0.2658180240875558	0.2646373078373754
F	4.237681729067132e-06	8.475363458134264e-06	True	True	7	7	True	ROBUST	-1.1933455357887024	-1.187138928581824	0.7895746907715522	0.7869654324508137
P	2.9689502946971755e-07	8.396283934422105e-07	True	True	7	7	True	ROBUST	2.891822693158138	2.8980332561703124	0.8553590571638711	0.8552073854891004
S	0.031837898846640844	0.04548271263805835	True	True	4	4	False	SENSITIVE	0.5586331965969213	0.5651235302618327	0.2887170124135963	0.28576927368929783
T	0.04536761205054895	0.05670951506318619	False	True	1	1	False	NOT_SIGNIFICANT	0.41355144637778457	0.41696307690410134	0.2563529342461747	0.2584462237382716
W	6.146851971030444e-05	0.0001024475328505074	True	True	7	7	True	ROBUST	1.8477344349450495	1.8535849829176632	0.6940514513212346	0.6952682953998979
Y	3.358513573768842e-07	8.396283934422105e-07	True	True	7	7	True	ROBUST	-3.1793107104605403	-3.175658952919939	0.8528158744746626	0.8521815223857441
V	4.89250623640224e-06	8.895465884367709e-06	True	True	7	7	True	ROBUST	1.3662585171946635	1.3686893284047916	0.7852819102472045	0.7863239405791651
