aa	slope_genome_gc_unmasked	intercept_unmasked	r_unmasked	r2_unmasked	p_unmasked	se_unmasked	slope_genome_gc_masked	intercept_masked	r_masked	r2_masked	p_masked	se_masked	slope_cds_gc_unmasked	intercept_cds_unmasked	r_cds_unmasked	r2_cds_unmasked	p_cds_unmasked	slope_cds_gc_masked	intercept_cds_masked	r_cds_masked	r2_cds_masked	p_cds_masked	mean_clr_unmasked	mean_clr_masked	sd_clr_unmasked	sd_clr_masked	q_unmasked	q_masked
A	4.070741315519491	-1.4614364051509723	0.9595796317274091	0.9207930696261101	4.246981448421332e-09	0.31908769560284156	4.067532348999427	-1.4600351570713312	0.9595428717183743	0.9207225226655444	4.273672807967563e-09	0.318990335451514	4.064475568695104	-1.5889152255361343	0.9645450911588962	0.9303472328787233	1.7193389737900846e-09	4.061526224483432	-1.5874993984862382	0.9645686253978254	0.9303926331018504	1.7114732870374794e-09	-0.2178393464685594	-0.21741842629886146	0.4613619207834837	0.46101588985650716	4.246981448421332e-08	4.273672807967563e-08
R	2.7031364944800766	-0.9305063527577181	0.948054824744667	0.8988079507216412	2.384009954321694e-08	0.24240618732992236	2.7007954578639795	-0.9293340832110312	0.9477505021674965	0.8982310143587418	2.481487262886101e-08	0.24296369091019637	2.7541236536876776	-1.0337605497203364	0.9724323851575072	0.9456247437031184	3.016673687241809e-10	2.752069991127256	-1.0326106933783534	0.972237359128099	0.9452454824843802	3.1676309595269476e-10	-0.10470772464628854	-0.10425063349694834	0.31008716150596954	0.3099180949319212	1.0268683772911776e-07	9.925949051544404e-08
N	-4.834718158172247	2.2862860380811716	-0.9547818309772902	0.9116083447643467	9.193988347962456e-09	0.40235428538620915	-4.801171556222787	2.27253546165238	-0.9538785208094964	0.9098842324617129	1.0533839276972103e-08	0.4038225158430329	-4.844320951523887	2.4434390966059993	-0.9631111147356293	0.9275830193273065	2.2606677060206803e-09	-4.814040298856121	2.429722268530626	-0.9628664807671479	0.9271118597849123	2.366179466952341e-09	0.8092967589689524	0.8057945506578026	0.5507015238274231	0.5473982660332419	6.129325565308304e-08	7.022559517981401e-08
D	-0.9249317816375914	0.6392972162488206	-0.9235016632276642	0.8528553219842622	3.352151056605155e-07	0.10267868126131442	-0.9075833858567541	0.6318334897520264	-0.9248532347400557	0.8553535058091445	2.9697563193113436e-07	0.09974787570783868	-0.9109248355591898	0.6640175265281499	-0.9156321305218423	0.8383821984439681	6.51221573804947e-07	-0.8948296014589466	0.656424243109818	-0.9179882596109418	0.8427024447835259	5.375267894851505e-07	0.35673383184973034	0.3545699788387938	0.1089234235247814	0.10672421760538627	8.655662695646082e-07	8.396283934422105e-07
C	0.1498894556559643	-0.8339226999925398	0.2632337710337233	0.06929201821263467	0.32460331178179136	0.14681559122718374	0.1444765274207676	-0.8315041945083252	0.2533549708180514	0.06418874123821569	0.3437474612386249	0.14743411259612	0.1622791283551011	-0.8428738733205993	0.286908682503076	0.08231659209565087	0.28130225019626415	0.15731069405435738	-0.8404329885595784	0.2777159888608156	0.07712617046894066	0.2976806437105877	-0.7881320020008455	-0.787367126927015	0.06192681433083017	0.06201791014088905	0.3606703464242126	0.38194162359847206
E	-0.5123996769631777	0.7150575397580673	-0.40259465242466014	0.1620824541609329	0.12209713120041088	0.311370504087531	-0.5063039465203076	0.7116039394982787	-0.4010400064630093	0.16083308678385055	0.12368216660919196	0.309089158541465	-0.4738097657811635	0.7183522395305829	-0.37477763327782715	0.1404582744053295	0.1526414336352965	-0.4676379372475389	0.7146789107984832	-0.3729036411506615	0.13905712558342131	0.1548685920786988	0.5585212526911729	0.5569298764986257	0.13841721528740566	0.1373007395302355	0.14364368376518927	0.1455084313049317
Q	0.7108834700874022	-0.5243528073135066	0.769692012741133	0.5924257944774964	0.0004887485915908596	0.15758713630280047	0.7109839562699254	-0.52420786933332	0.7698271383528273	0.5926338229445032	0.0004869348798324908	0.1575415266294848	0.7206529006262532	-0.5502793904976859	0.7855163061711918	0.6170358672608336	0.00031079275064545525	0.7211946443648057	-0.5502865016042943	0.7861336946002713	0.6180061857858726	0.0003051243155451345	-0.30718042421555947	-0.3070047880624018	0.10044554938279145	0.1004421143379053	0.000751920910139784	0.0007491305843576781
G	2.9063872607136974	-0.8791549164926576	0.9763536543932791	0.9532664584471108	1.0413556486524312e-10	0.1719874091480836	2.9067559397505836	-0.8793831221203915	0.9765076032228899	0.9535670991521129	9.952205240660985e-11	0.1714280282472224	2.8748742245373133	-0.9610497023016651	0.9722613590957271	0.9452921503906704	3.148712948688412e-10	2.875394938334197	-0.9613409309857689	0.9724674332444143	0.9456929087209794	2.9902073009364777e-10	0.008736101056399756	0.00862052556905872	0.3237394224192241	0.32372944439780343	2.0827112973048625e-09	1.990441048132197e-09
H	0.15655596576885272	-0.6277356267681851	0.1668555461475714	0.027840773280204328	0.5368146913103348	0.24724849580624264	0.15623868519132558	-0.6272963583330764	0.16712979971833491	0.027932369953890743	0.5361359420664595	0.2463309068188477	0.18221840928113378	-0.6413763535757896	0.19551216193184726	0.03822500546326486	0.46804740435023573	0.18194573720146365	-0.640942032336064	0.19593756383272995	0.038391528920705124	0.46706051106146884	-0.5799083335410093	-0.579565993198945	0.10204182968092101	0.10166792156979576	0.5650680961161418	0.5643536232278521
I	-3.5326250767389746	1.672781915464281	-0.9474912900189919	0.8977397446618535	2.567170943227944e-08	0.31864839823338603	-3.5358118406889405	1.6744149308969076	-0.947875214238868	0.8984674217683799	2.4411384080458643e-08	0.3176703401578925	-3.6000452116326485	1.8079863252210893	-0.9720668562283112	0.9449139729775923	3.3048464821235254e-10	-3.60277482704608	1.809566580972512	-0.9723209487202678	0.9454080273202815	3.102158064085156e-10	0.5935774624297395	0.5942369327589759	0.4054820034080468	0.40568340352103077	1.0268683772911776e-07	9.925949051544404e-08
L	-0.04838165166784574	0.7402635345416295	-0.06792715516757412	0.004614098409159692	0.8026212867753824	0.18991925092542847	-0.05454469070518908	0.7430378783844037	-0.07663300013985637	0.005872616710435226	0.7778811925134458	0.18966782134789567	-0.030086391152330742	0.7356322004856621	-0.042524903363244056	0.0018083674060532457	0.8757405564662042	-0.03565169458174687	0.7384011102046338	-0.05042594247556681	0.0025427756745491728	0.8528692041502581	0.7254831112612443	0.7263746684994841	0.07746161124974826	0.07740801263684365	0.8026212867753824	0.7778811925134458
K	-2.9858788296389682	1.759727653470419	-0.9093321149791721	0.8268848953324943	1.0597913167380203e-06	0.36513470528817793	-2.9888533450223758	1.7610379674895138	-0.9096463551185436	0.8274564913804516	1.0352313628968494e-06	0.36476849129087396	-3.004937132530096	1.8612123699153562	-0.9212897556306354	0.8487748138299559	4.067952136559354e-07	-3.0074690602619576	1.862468079145057	-0.9214667052523706	0.8491008888886593	4.0062867328238296e-07	0.8475522430692204	0.8479538531705035	0.35710745168960245	0.3573397133218971	2.3550918149733784e-06	2.3005141397707762e-06
M	-0.5982550805636007	-0.5040201819882608	-0.514429108660635	0.2646373078373754	0.04147400559472417	0.26653094495101975	-0.5978581925029784	-0.5038499607977605	-0.5155754300658205	0.2658180240875558	0.04094497507123941	0.2655484760821137	-0.6305774687907413	-0.4740713104117741	-0.545868571143686	0.29797249696244943	0.028716621251087728	-0.6301486832135812	-0.47392448423111955	-0.54707587395327	0.2992920118617341	0.028295168251454318	-0.6867849908682274	-0.6864935217804622	0.12647658275906432	0.12611165773144697	0.05529867412629889	0.05459330009498588
F	-1.187138928581824	0.4541882894870526	-0.8871107216412243	0.7869654324508137	4.625997995824818e-06	0.16507630529671244	-1.1933455357887024	0.4569880649281182	-0.8885801543876344	0.7895746907715522	4.237681729067132e-06	0.16464728456454583	-1.1796888296272554	0.4894678218210038	-0.8874711636662966	0.7876050663392107	4.528075694428153e-06	-1.1852763481468014	0.49225634706771626	-0.8885063106525919	0.7894434640694801	4.256516896402309e-06	0.09152155008915863	0.09242522900415795	0.14553685335508443	0.14605581947483018	8.59278777452343e-06	8.475363458134264e-06
P	2.8980332561703124	-1.2724361171312952	0.924774234875248	0.8552073854891004	2.99103994413102e-07	0.3186961600905593	2.891822693158138	-1.270009940342832	0.924856235943658	0.8553590571638711	2.9689502946971755e-07	0.31781839965597963	2.909511586261479	-1.3685672969706324	0.93467999872691	0.8736267000201364	1.1434038147650877e-07	2.903783633270326	-1.3661062058818254	0.9349261831599923	0.8740869679581115	1.1143163572981723e-07	-0.3870972183913515	-0.3865683466134663	0.34081359151021523	0.3400530658437755	8.655662695646082e-07	8.396283934422105e-07
S	0.5651235302618327	0.4644381422248556	0.5345739178909665	0.28576927368929783	0.032895332865936606	0.23877610966815285	0.5586331965969213	0.4655877511120088	0.5373239362001253	0.2887170124135963	0.031837898846640844	0.23434071208120566	0.6077827861702451	0.43205706515899217	0.5787930031883309	0.33500134053976727	0.01881895209260718	0.5998389201345272	0.4339036168040234	0.5808374239843256	0.3373721131007472	0.018305959709747834	0.6370813797959833	0.636248214728727	0.11497009427290525	0.11306802723030902	0.04699333266562372	0.04548271263805835
T	0.41696307690410134	-0.01814649091281087	0.508376065268883	0.2584462237382716	0.04435302432489532	0.1887642778648916	0.41355144637778457	-0.016732718284731232	0.5063130792762268	0.2563529342461747	0.04536761205054895	0.1882477587187281	0.4058419270977851	-0.02766903712495722	0.4981440071234005	0.2481474518329585	0.04955622362607237	0.4026055568199993	-0.026205775712681165	0.49622640370018123	0.24624064372921523	0.050579794788464326	0.10923425274688198	0.10960578432867761	0.08919936564119654	0.08882999959271633	0.05544128040611915	0.05670951506318619
W	1.8535849829176632	-2.445319054844405	0.8338274973877378	0.6952682953998979	5.973356989844913e-05	0.3279677135067581	1.8477344349450495	-2.4425697061844387	0.8330975040901483	0.6940514513212346	6.146851971030444e-05	0.32787167549977664	1.8438592683934636	-2.501047326634804	0.8350298163736646	0.697274794233036	5.6965266240347085e-05	1.8386923867973846	-2.498342347442874	0.8345951574737875	0.6965490768786963	5.795341047407146e-05	-1.879055405521818	-1.8780933785525429	0.24176061503321203	0.24120870753449516	9.955594983074855e-05	0.0001024475328505074
Y	-3.175658952919939	1.0699598600855467	-0.923136784223088	0.8521815223857441	3.462265078258433e-07	0.3534826837950008	-3.1793107104605403	1.07170760228517	-0.9234803054070306	0.8528158744746626	3.358513573768842e-07	0.3529976411649211	-3.221276567465317	1.186445539624241	-0.9426939421957011	0.8886718686524719	4.6735478237964286e-08	-3.2245714940134547	1.1881891655333625	-0.9429250576933439	0.8891076644259959	4.546016354076097e-08	0.09980729397346463	0.10043943717415366	0.37412528559240177	0.37441617101341124	8.655662695646082e-07	8.396283934422105e-07
V	1.3686893284047916	-0.3049695360095007	0.8867490854684684	0.7863239405791651	4.726033275987886e-06	0.19068566554794694	1.3662585171946635	-0.30382397581156956	0.8861613342090731	0.7852819102472045	4.89250623640224e-06	0.1909371277890172	1.3700477009570884	-0.3490001187967075	0.8935977327671851	0.7985169080066536	3.1119135727390175e-06	1.3680372182384712	-0.34791896354743573	0.893281477506596	0.7979517980563673	3.1744857048659464e-06	0.11316020772170747	0.1135631637016789	0.16786238692233865	0.1676753988926006	8.59278777452343e-06	8.895465884367709e-06
