																																																																																																		
b.																																																																																																		
Day	PfGCN5 LoxP -RAP						PfGCN5 LoxP +RAP																																																																																											
	replicate 1		replicate 2		replicate 3		replicate 1		replicate 2		replicate 3																																																																																							
0	1.26	1.24	1.36	1.21	1.32	1.35	1.23	1.3	1.23	1.36	1.36	1.31																																																																																						
2	3.63	3.6	3.68	3.71	3.62	3.57	2.97	3.21	2.96	2.97	3.04	3.1																																																																																						
4	10.2	11	11.1	11.3	11	10.8	2.4	2.55	2.35	2.44	2.34	2.38																																																																																						
6	34.35	36.35	37.7	36.15	36.4	35	2.3	2.15	2.1	2	2.2	1.85																																																																																						
																																																																																																		
																																																																																																		
																																																																																																		
																																																																																																		
c.																																																																																																		
		Replicate 1							Replicate 2							Replicate 3																																																																																		
																																																																																																		
																																																																																																		
																																																																																																		
																																																																																																		
																																																																																																		
																																																																																																		
																																																																																																		
																																																																																																		
																																																																																																		
																																																																																																		
																																																																																																		
