set	n_set	n_in_top10	OR	lo	hi	p	q_bh
ApiAP2 [InterPro-formal]	24	19	35.32289628180039	13.133548926714361	95.00151167799918	2.0612137326919728e-15	1.2367282396151836e-14
ApiAP2 [regex-baseline]	28	22	34.27755905511811	13.834373623306735	84.92983396065532	1.5059735283918084e-17	2.710752351105255e-16
PUF [InterPro-formal]	0	0				1.0	1.0
PUF [regex-baseline]	2	1	8.986767485822305	0.5612657933338439	143.89259207214033	0.19052787480027528	0.263807826646535
RNA_binding_broad [InterPro-formal]	467	70	1.6704632570364693	1.273105222264953	2.1918435682358335	0.00036590116192321607	0.00094088870208827
RNA_binding_broad [regex-baseline]	201	49	3.084951854688697	2.2058950845412872	4.314315767980534	1.848189145097964e-09	8.316851152940838e-09
chromatin_reg [InterPro-formal]	176	31	1.975122659111326	1.3257088632385647	2.942659302288289	0.0019070844467618709	0.0038141688935237417
chromatin_reg [regex-baseline]	131	19	1.5413929270338271	0.9397689681357475	2.5281662153870106	0.10279804758744368	0.18503648565739864
CCR4_NOT [InterPro-formal]	8	2	2.9981060606060606	0.6035801309206648	14.892206502775467	0.18765619611882595	0.263807826646535
CCR4_NOT [regex-baseline]	12	6	9.062977099236642	2.9124658055452515	28.202066353843634	0.0005387093320433309	0.0012120959970974947
transcription_reg [InterPro-formal]	4	0	0.0	0.0	inf	1.0	1.0
transcription_reg [regex-baseline]	89	26	3.8420256991685564	2.4108561681878244	6.122788106503758	2.832114475706655e-07	1.0195612112543957e-06
sexual_gametocyte [InterPro-formal]	24	19	35.32289628180039	13.133548926714361	95.00151167799918	2.0612137326919728e-15	1.2367282396151836e-14
sexual_gametocyte [regex-baseline]	45	13	3.711254835589942	1.9355074935730472	7.116176248567911	0.00031864143476774843	0.00094088870208827
proteostasis [InterPro-formal]	318	35	1.1173216261555483	0.7769953862465696	1.6067117493522833	0.5629580289930994	0.6755496347917194
proteostasis [regex-baseline]	166	19	1.1655417548624147	0.7165510246939774	1.8958699876368696	0.5117915262107234	0.6580176765566444
PUF_strict [InterPro-formal]	2	1	8.986767485822305	0.5612657933338439	143.89259207214033	0.19052787480027528	0.263807826646535
PUF_repeatbroad [InterPro-formal]	79	9	1.156155744447491	0.5741636080136768	2.3280752850972948	0.7041603746781677	0.7921804215129387
