test	stat	p	n	med_top10	med_rest	q_bh
spearman(asn_frac, F-vs-M logFC)	-0.08811359983505142	5.324520675117036e-10	4949			5.856972742628739e-09
MW Asn-top10 vs rest on F-vs-M logFC	1104239.0	0.0367840071302104	4949	-0.13384054581772206	0.12400936664398345	0.13487469281077147
MW ApiAP2 vs rest on F-vs-M logFC	55417.0	0.07384781261800537	4949	-0.8139730542497692	0.09585454879854817	0.1624651877596118
MW RNA_binding_broad vs rest on F-vs-M logFC	446410.0	0.12102274087176282	4949	-0.14123685089741156	0.10918799524225024	0.22187502493156516
MW chromatin_reg vs rest on F-vs-M logFC	334655.0	0.18271609748198514	4949	0.2371424807551284	0.08824394520026393	0.2871252960431195
MW CCR4_NOT vs rest on F-vs-M logFC	20716.0	0.07163071908032852	4949	-0.8615065356921847	0.0964311964192357	0.1624651877596118
MW transcription_reg vs rest on F-vs-M logFC	203591.0	0.3425355379597955	4949	0.044591019730932865	0.09497450920025502	0.47098636469471883
MW translation_reg vs rest on F-vs-M logFC	209252.0	0.5993326993559059	4949	-0.1411811467738568	0.10398018879134033	0.6592659692914966
MW sexual_gametocyte vs rest on F-vs-M logFC	127764.0	0.03536428153026714	4949	0.6983022930032527	0.08891589578798864	0.13487469281077147
MW sporozoite_liver vs rest on F-vs-M logFC	69284.0	0.7887519614167604	4949	0.17499357560759154	0.09346245628782372	0.7887519614167604
MW proteostasis vs rest on F-vs-M logFC	400766.0	0.46668708449375185	4949	0.14183533572095924	0.08824394520026393	0.5703953254923634
