n	in_top	OR	lo	hi	p	set	stratum	n_ann	q_bh
29	16	11.354684226279558	5.431091899512276	23.73903006319961	1.6550745691949846e-09	TF_DNAbinding	all	29	9.930447415169907e-09
10	1	0.9968494013862634	0.12604334380792886	7.883865177033188	1.0	TF_DNAbinding	nonIEA	10	1.0
19	15	34.59466019417476	11.438718460911229	104.62627592768654	2.300305864093987e-12	TF_DNAbinding	IEA	19	2.7603670369127845e-11
285	35	1.2741414141414142	0.8838815851121978	1.836712485671039	0.18812147364084214	RNA_binding	all	345	0.2508286315211229
142	10	0.673513986013986	0.3518808216649777	1.2891327444618053	0.2593900881869047	RNA_binding	nonIEA	147	0.3112681058242856
195	29	1.6001851718250246	1.0671663488347702	2.399431529043783	0.028060197976486817	RNA_binding	IEA	198	0.056120395952973634
73	13	1.9676015473887813	1.072898682634258	3.608407682803049	0.045877543325576656	chromatin	all	85	0.07428145480949405
47	5	1.0687074829931973	0.42097922076690414	2.713045271272557	0.8075957662918578	chromatin	nonIEA	57	0.8810135632274814
28	9	4.305889483786241	1.9381308200725367	9.566270787586483	0.0011540089784679494	chromatin	IEA	28	0.0027696215483230787
76	25	4.566103669190449	2.805016750041189	7.432862109464526	3.581075898423446e-08	reg_transcription	all	89	1.0743227695270338e-07
38	8	2.413793103448276	1.1008378278359912	5.292693436696207	0.049520969872996035	reg_transcription	nonIEA	42	0.07428145480949405
47	20	6.867102396514161	3.8241292832299827	12.33145948569504	5.473907711731869e-09	reg_transcription	IEA	47	2.1895630846927476e-08
