mutant	pb_gene	pf_ortholog	ko_verified	Asexual parasitaemia	Marco-gametocytaemia	Micro-gametocytaemia	Exflagellation efficiency	Ookinete conversion rates	Oocysts per mosquito	Sporozoites in salivary glands	Patency after mosquito bite	transmission_blocked
ap2-g	PBANKA_1437500	PF3D7_1222600	True	1.65753886230073	0.0	0.0	0.0	0.0	0.0	0.0	0.0	True
ap2-g2	PBANKA_1034300	PF3D7_1408200	True	0.8201070613016288	0.0254324	0.0	0.0	0.0	0.0	0.0	0.0	True
ap2-o	PBANKA_0905900	PF3D7_1143100	True	0.476801837282394	1.0485496369248475	0.5817106287659234	0.6246596377430037	0.0	0.0	0.0	0.0	True
ap2-o2	PBANKA_1231600	PF3D7_0516800	True	0.48271735342821487	0.4529830910827305	0.4683619088812977	0.42035749573594416	0.17647764826586826	0.029702194357366773	0.0	0.0	True
ap2-o3	PBANKA_1015500	PF3D7_1429200	True	0.8729906789983892	0.6547090069832295	0.27398886594050104	1.4264913419489624	0.0	0.0	0.0	0.0	True
ap2-o4	PBANKA_1363700	PF3D7_1350900	True	0.7465514317539794	0.7105268080314708	0.5715042349985082	1.204958984902753	1.0096793573314669	0.0	0.0	0.0	True
ap2-sp	PBANKA_1329800	PF3D7_1466400	True	1.3058385579937304	1.2202733543123543	1.0156114910824876	0.7636302392341936	1.015052352496902	0.6775805185505994	0.0	0.0	True
ap2-sp2	PBANKA_1001800	PF3D7_0404100	True	1.0325547826231118	0.6301165477514566	0.6426864027382544	1.014867349344018	0.7913579018253669	0.9795583765107065	0.0	0.0	True
ap2-sp3	PBANKA_1121800	PF3D7_0622900	True	1.024532579489476	1.0892195219161818	0.8331940020960855	0.4929583188938246	0.928608857461185	1.0864928574346369	0.01220703125	0.0	True
ap2-l	PBANKA_0214400	PF3D7_0730300	True	1.317328145991939	1.1864407100652932	1.03157414207486	1.0324226198446622	0.9936634085739455	1.135700241984271	1.0464248206967213	0.0	False
PBANKA_1319700	PBANKA_1319700	PF3D7_1456000	True	1.0416759964173758	1.0537760570801216	0.8006935544442835	0.765132251223279	0.9185028198840064	1.089369191002585	0.8751314890710382	0.9666666666666667	False
