formal_set	anchor_iprs	n
ApiAP2	IPR001471	24
PUF		0
RNA_binding_broad	IPR000315;IPR000330;IPR000504;IPR000571;IPR000629;IPR001650;IPR001841;IPR005135;IPR007529;IPR011545;IPR012677;IPR013083;IPR013087;IPR014001;IPR014014;IPR017907;IPR027417;IPR033133;IPR035979;IPR036236;IPR036691;IPR036855;IPR038718	467
chromatin_reg	IPR000330;IPR001965;IPR002110;IPR007125;IPR009072;IPR011011;IPR013083;IPR016181;IPR019787;IPR020683;IPR022052;IPR023696;IPR029026;IPR029028;IPR029063;IPR036770;IPR038718	176
CCR4_NOT	IPR005135;IPR036691	8
transcription_reg	IPR001222	4
sexual_gametocyte	IPR001471	24
proteostasis	IPR000569;IPR000594;IPR000608;IPR000626;IPR000717;IPR001353;IPR001394;IPR001404;IPR001623;IPR001841;IPR002939;IPR007052;IPR008971;IPR008978;IPR009060;IPR011990;IPR013083;IPR015940;IPR016135;IPR018253;IPR020575;IPR023313;IPR023333;IPR026894;IPR028889;IPR029055;IPR029071;IPR035983;IPR035985;IPR036390;IPR036869;IPR036890;IPR037196;IPR038765	318
PUF_strict	IPR001313	2
PUF_repeatbroad	IPR001313;IPR011989;IPR016024;IPR033133	79
