feature	detail	source_ref
background	Pf_has_45_tRNA_isoacceptors_for_61_codons	pdf_p4
wobble_target	mcm5s2U_on_U34_of_Lys_Glu_Gln_tRNAs	pdf_p3_Fig1d
up_proteins	enriched_cognate_LysAAA_HisCAT_AspGAT	pdf_p6_Fig3b
down_proteins	enriched_cognate_LysAAG_HisCAC_AspGAC	pdf_p6_Fig3b
LysAAA_AAG_greatest_driver	up_48pct_LysAAA_vs_16pct_LysAAG_down_34pct_LysAAG_vs_23pct_LysAAA_z_ge_0.5	pdf_p6_SupTable2
translational_subset	12_up_enriched_LysAAA_transcriptionally_flat_plus_10_down_for_Lys	pdf_p7_Fig3c
K13	52_of_57_lysine_codons_are_LysAAA_clustered_first_half_gene	pdf_p11_ExtDataFig4b
K13_levels	reduced_in_Dd2R539T_vs_Dd2_increased_after_DHA_not_DMSO	pdf_p11_ExtDataFig4a
K13_interactor	BIP_PF3D7_0917900_also_LysAAA_biased	pdf_p11
K13_Asp_bias	codon_bias_for_Asp_GAT	pdf_p11
