species_id	species	accession	genome_gc	gc3	total_len_Mb	n50_kb	n_percent	num_contigs	cds_count	cds_density_per_Mb	gff_gene	gff_cds	bad_cds_not_div3	short_cds_lt150	homopolymer_per_Mb	lcr_frac_lowEntropy	risk_flag
SP001	Plasmodium falciparum	GCF_000002765.6	0.19344571856272771	0.17382167158500597	23.292622	1687.656	0.0	14	5354	229.8581928646762	5457	14077	0	5	17570.027109871957	0.2728	LOW
SP002	Plasmodium reichenowi	GCF_001601855.1	0.18594951494168876	0.16950383147763076	20.501737	1412.118	0.04033248499871011	777	5307	258.85611545987547	5181	12629	320	84	17308.630971122107	0.2678	LOW
SP003	Plasmodium gaboni	GCF_001602025.1	0.18208347277583245	0.1556608031853145	20.385537	1372.096	0.020553787717242866	833	5422	265.9728806751571	5341	13429	283	37	18025.328447320273	0.2841	LOW
SP004	Plasmodium vivax	GCA_900093555.2	0.39778644927709245	0.5304764878117778	29.040213	1761.288	0.00485337349281839	242	6683	230.12916606362356	6691	17602	61	7	13577.965147845161	0.0322	SEED_CONFLICT_RESOLVED_TOWARD_P01
SP005	Plasmodium knowlesi	GCF_000006355.2	0.3862208841827124	0.45180848807388985	24.395979	2162.603	0.000466511304998254	164	5325	218.27367534625276	5452	14699	40	5	11958.896996919042	0.0420	LOW
SP006	Plasmodium cynomolgi	GCF_000321355.1	0.40378596964792896	0.48687880486390334	26.181343	1717.921	0.03220232056086657	1663	5716	218.32340686266554	5776	14552	199	14	12810.687366190497	0.0162	ANNOTATION_GAP
SP007	Plasmodium coatneyi	GCF_001680005.1	0.3964510935896607	0.4882599314305354	27.68553	1997.354	3.6119951469233204e-06	14	5516	199.23765230429035	5575	15721	1	1	12245.241467293565	0.0254	LOW
SP008	Plasmodium malariae	GCF_900090045.1	0.24383719822518496	0.2591410138248848	33.612066	2312.277	0.0	62	6141	182.70224746077793	6034	16101	6	7	17078.807354478	0.1099	LOW
SP009	Plasmodium ovale curtisi	GCA_060229945.1	0.2810086357001737		36.047788	1205.626	0.0007031499408507396	1135	0	0.0			0	0	15305.405147189615	0.0465	NEED_REANNOTATION
SP010	Plasmodium ovale wallikeri	GCA_060229965.1	0.2911761075929102		34.379313	1941.6	0.0007165064642216673	760	0	0.0			0	0	15173.368938465988	0.0527	NEED_REANNOTATION
SP011	Plasmodium berghei	GCF_900002375.2	0.22042893471979974	0.16968730723162478	18.777064	1640.193	1.5976938673692544e-05	21	4966	264.47159151185724	5084	13281	0	5	18661.80996134433	0.1035	LOW
SP012	Plasmodium yoelii	GCF_900002385.2	0.21738445248888227	0.16393112351448735	23.078472	2046.25	0.0	16	6039	261.67243654605903	6175	16684	0	7	18144.74545801819	0.1218	LOW
SP013	Plasmodium chabaudi chabaudi	GCF_900002335.3	0.23621111977329715	0.18528323787425502	18.973914	1632.254	1.0540787736257263e-07	16	5200	274.06048114268884	5365	14054	0	7	17713.003231700113	0.0767	LOW
SP014	Plasmodium relictum	GCF_900005765.1	0.18334846428079993	0.14839299781325566	22.60733	1287.098	0.0012287607603374657	514	5159	228.20032263871937	5260	13542	46	4	23489.770795578246	0.2722	LOW
SP015	Babesia bovis	GCF_000165395.2	0.4160286956708644	0.428387017892383	8.234832	1797.577	0.0	8	3977	482.9485288831636	3988	12512	2	1	3137.5260600337683	0.0006	NEWER_UNANNOTATED
SP016	Babesia microti	GCF_000691945.2	0.36166078394773826	0.3834658235679934	6.434485	1766.409	1.5852084510259952e-05	6	3601	559.6407482494715	3685	13691	2	17	5812.741812281792	0.0027	LOW
SP017	Theileria parva	GCF_000165365.1	0.3404445640264728	0.3810297186606541	8.347606	1971.884	0.0	9	4046	484.68986197959026	4128	16339	1	10	6439.451023443128	0.0165	LOW
SP018	Toxoplasma gondii	GCF_000006565.2	0.5228760329447381	0.6042806902334761	65.66812	6327.655	0.0030927944944974823	2264	8318	126.66724736447458	8925	47717	25	2	4264.200041054929	0.0102	LOW
