feature	track	bg	slope	ci95_half	p_boot	n_genes	spearman	q_bh
TTT_freq	exploratory_unmasked	Dd2_WT	-0.7429633412153538	0.4719390109574926	0.007992007992007992	10194.0	-0.04565415955441287	0.030902430902430902
TTT_freq	exploratory_unmasked	Dd2_R539T	0.577998906073224	0.45715148689444907	0.01998001998001998	10198.0	0.0142551600804345	0.062080776366490655
TTT_freq	exploratory_unmasked	Dd2_C580Y	-0.570238586493064	0.4144198441616684	0.015984015984015984	10180.0	-0.032467388268890646	0.05348497656189964
TTT_freq	exploratory_unmasked	Dd2_R539T-WT_interaction	1.3209622472885778					
TTT_freq	exploratory_unmasked	Dd2_C580Y-WT_interaction	0.17272475472228976					
TTC_freq	exploratory_unmasked	Dd2_WT	-1.380383552925403	1.4722828746422303	0.07392607392607392	10194.0	-0.059478702959131956	0.181170941734322
TTC_freq	exploratory_unmasked	Dd2_R539T	0.21669944212602638	1.395001677949578	0.7832167832167832	10198.0	0.004676293196776691	0.8259376986649715
TTC_freq	exploratory_unmasked	Dd2_C580Y	-1.2038027538352094	1.2588129216918793	0.06793206793206794	10180.0	-0.03660332763834361	0.17382617382617382
TTC_freq	exploratory_unmasked	Dd2_R539T-WT_interaction	1.5970829950514294					
TTC_freq	exploratory_unmasked	Dd2_C580Y-WT_interaction	0.17658079909019353					
TTA_freq	exploratory_unmasked	Dd2_WT	-0.9051225524611863	0.49247645213539387	0.001998001998001998	10194.0	-0.023865331752262683	0.01022506904859846
TTA_freq	exploratory_unmasked	Dd2_R539T	-1.0641013837157653	0.49324161655375426	0.001998001998001998	10198.0	-0.049890591270829406	0.01022506904859846
TTA_freq	exploratory_unmasked	Dd2_C580Y	-0.6457313162076918	0.4504612706989243	0.005994005994005994	10180.0	-0.01685811654098766	0.025437976657488853
TTA_freq	exploratory_unmasked	Dd2_R539T-WT_interaction	-0.158978831254579					
TTA_freq	exploratory_unmasked	Dd2_C580Y-WT_interaction	0.2593912362534946					
TTG_freq	exploratory_unmasked	Dd2_WT	-0.36295982396642706	1.346166583567324	0.5934065934065934	10194.0	-0.047886726080602585	0.6976536976536977
TTG_freq	exploratory_unmasked	Dd2_R539T	0.6752577001071296	1.3027597621686267	0.3196803196803197	10198.0	0.002281440224739879	0.49225111172013825
TTG_freq	exploratory_unmasked	Dd2_C580Y	-0.18568459757543188	1.1598164336699854	0.7832167832167832	10180.0	-0.032028125146225814	0.8259376986649715
TTG_freq	exploratory_unmasked	Dd2_R539T-WT_interaction	1.0382175240735567					
TTG_freq	exploratory_unmasked	Dd2_C580Y-WT_interaction	0.1772752263909952					
TCT_freq	exploratory_unmasked	Dd2_WT	-0.2754060405415055	1.1651908827051494	0.6533466533466533	10194.0	0.006729721070088135	0.7479099847520899
TCT_freq	exploratory_unmasked	Dd2_R539T	-0.4184694166031638	1.272906628434831	0.5354645354645354	10198.0	-0.014563387361120235	0.6751509360205012
TCT_freq	exploratory_unmasked	Dd2_C580Y	-0.31662232699498194	1.0467562533708785	0.6153846153846154	10180.0	0.0047074986185520465	0.7138461538461539
TCT_freq	exploratory_unmasked	Dd2_R539T-WT_interaction	-0.14306337606165825					
TCT_freq	exploratory_unmasked	Dd2_C580Y-WT_interaction	-0.041216286453476414					
TCC_freq	exploratory_unmasked	Dd2_WT	-1.7680767093690541	2.0536386369381026	0.13586413586413587	10194.0	-0.02634790916939253	0.27488790279487957
TCC_freq	exploratory_unmasked	Dd2_R539T	-1.1792669519249313	2.1797320673257143	0.2897102897102897	10198.0	-0.001022016618551822	0.4624733065100038
TCC_freq	exploratory_unmasked	Dd2_C580Y	-1.3019376670590235	1.783549449601749	0.14385614385614387	10180.0	-0.01570823270456165	0.28444282989737535
TCC_freq	exploratory_unmasked	Dd2_R539T-WT_interaction	0.5888097574441229					
TCC_freq	exploratory_unmasked	Dd2_C580Y-WT_interaction	0.46613904231003067					
TCA_freq	exploratory_unmasked	Dd2_WT	0.4864281315719618	1.0996969888299168	0.3336663336663337	10194.0	0.024830943695458366	0.4962217269909578
TCA_freq	exploratory_unmasked	Dd2_R539T	-1.0176457518686641	1.172414837330109	0.0999000999000999	10198.0	-0.03625849525572063	0.22871864977128134
TCA_freq	exploratory_unmasked	Dd2_C580Y	0.33463571143926957	0.9222987688872326	0.5014985014985015	10180.0	0.013418374842318464	0.6463758463758463
TCA_freq	exploratory_unmasked	Dd2_R539T-WT_interaction	-1.504073883440626					
TCA_freq	exploratory_unmasked	Dd2_C580Y-WT_interaction	-0.15179242013269223					
TCG_freq	exploratory_unmasked	Dd2_WT	1.7764460961980297	2.964289559227831	0.27972027972027974	10194.0	0.021853700110984038	0.45487223057316517
TCG_freq	exploratory_unmasked	Dd2_R539T	3.7372972110874048	2.644480320719572	0.00999000999000999	10198.0	0.016950108760481707	0.035474729352280375
TCG_freq	exploratory_unmasked	Dd2_C580Y	2.266214229586942	2.491795241511055	0.08191808191808192	10180.0	0.026164610449585936	0.19261819261819263
TCG_freq	exploratory_unmasked	Dd2_R539T-WT_interaction	1.960851114889375					
TCG_freq	exploratory_unmasked	Dd2_C580Y-WT_interaction	0.48976813338891234					
TAT_freq	exploratory_unmasked	Dd2_WT	0.1516617271398114	0.5292384049363659	0.5594405594405595	10194.0	0.009601532574929307	0.675990675990676
TAT_freq	exploratory_unmasked	Dd2_R539T	2.2421232793425876	0.4882369496484815	0.001998001998001998	10198.0	0.098309197240149	0.01022506904859846
TAT_freq	exploratory_unmasked	Dd2_C580Y	0.2188961418692436	0.43364626951541646	0.31368631368631367	10180.0	0.010062291357428015	0.4873340944769516
TAT_freq	exploratory_unmasked	Dd2_R539T-WT_interaction	2.0904615522027763					
TAT_freq	exploratory_unmasked	Dd2_C580Y-WT_interaction	0.0672344147294322					
TAC_freq	exploratory_unmasked	Dd2_WT	-0.21226453913715188	1.8934533041902204	0.7832167832167832	10194.0	-0.05168748322347179	0.8259376986649715
TAC_freq	exploratory_unmasked	Dd2_R539T	2.9631527020542614	1.9342836489766944	0.007992007992007992	10198.0	0.03434963466516965	0.030902430902430902
TAC_freq	exploratory_unmasked	Dd2_C580Y	-0.2883458952142488	1.615070669087916	0.7352647352647352	10180.0	-0.03850142816421444	0.8148793881277957
TAC_freq	exploratory_unmasked	Dd2_R539T-WT_interaction	3.1754172411914134					
TAC_freq	exploratory_unmasked	Dd2_C580Y-WT_interaction	-0.07608135607709693					
TGT_freq	exploratory_unmasked	Dd2_WT	-0.49439731664212083	1.0148943556200272	0.35564435564435565	10194.0	-0.020731744259463558	0.511422461835685
TGT_freq	exploratory_unmasked	Dd2_R539T	-0.15065612319445745	0.8689518843127458	0.7252747252747253	10198.0	-0.018016577933650968	0.808960270498732
TGT_freq	exploratory_unmasked	Dd2_C580Y	-0.4242142267411523	0.8308902432444485	0.3516483516483517	10180.0	-0.017621505239887064	0.50989010989011
TGT_freq	exploratory_unmasked	Dd2_R539T-WT_interaction	0.3437411934476634					
TGT_freq	exploratory_unmasked	Dd2_C580Y-WT_interaction	0.07018308990096855					
TGC_freq	exploratory_unmasked	Dd2_WT	0.30654231267127	2.6070063256989955	0.7832167832167832	10194.0	-0.003272825539546703	0.8259376986649715
TGC_freq	exploratory_unmasked	Dd2_R539T	-2.3818810817732294	2.4914794166218375	0.057942057942057944	10198.0	-0.018197692047967562	0.1527563345745164
TGC_freq	exploratory_unmasked	Dd2_C580Y	0.19746165579263764	1.9828775470303914	0.8551448551448552	10180.0	-0.009909499196256897	0.8856857428286
TGC_freq	exploratory_unmasked	Dd2_R539T-WT_interaction	-2.6884233944444995					
TGC_freq	exploratory_unmasked	Dd2_C580Y-WT_interaction	-0.10908065687863239					
TGG_freq	exploratory_unmasked	Dd2_WT	2.411416176529505	1.5491012903342298	0.007992007992007992	10194.0	0.010486786390843508	0.030902430902430902
TGG_freq	exploratory_unmasked	Dd2_R539T	0.4917987777020325	1.580020011186006	0.5694305694305695	10198.0	-0.024341225393298582	0.6833166833166834
TGG_freq	exploratory_unmasked	Dd2_C580Y	1.3842261409341936	1.4376908795098118	0.055944055944055944	10180.0	0.001280315153841184	0.149757934373319
TGG_freq	exploratory_unmasked	Dd2_R539T-WT_interaction	-1.9196173988274723					
TGG_freq	exploratory_unmasked	Dd2_C580Y-WT_interaction	-1.0271900355953112					
CTT_freq	exploratory_unmasked	Dd2_WT	-1.008627252671551	1.5397133126448077	0.1918081918081918	10194.0	-0.04581623225698151	0.34406830283118944
CTT_freq	exploratory_unmasked	Dd2_R539T	0.5773751704961948	1.428537581232367	0.41358641358641357	10198.0	0.0033310856518568447	0.5632507027855865
CTT_freq	exploratory_unmasked	Dd2_C580Y	-0.5450840525734048	1.2706596326014123	0.4175824175824176	10180.0	-0.023561840845330122	0.5632507027855865
CTT_freq	exploratory_unmasked	Dd2_R539T-WT_interaction	1.5860024231677459					
CTT_freq	exploratory_unmasked	Dd2_C580Y-WT_interaction	0.4635432000981462					
CTC_freq	exploratory_unmasked	Dd2_WT	-2.014204655649217	3.335688654560003	0.22577422577422576	10194.0	-0.02223901487106869	0.38514426749720865
CTC_freq	exploratory_unmasked	Dd2_R539T	1.3294715524053053	3.36577505973521	0.43356643356643354	10198.0	0.018271690683393918	0.5803119956966111
CTC_freq	exploratory_unmasked	Dd2_C580Y	-0.4175378946496342	2.960009278456552	0.8011988011988012	10180.0	-0.0033290694622564554	0.8398107916180205
CTC_freq	exploratory_unmasked	Dd2_R539T-WT_interaction	3.3436762080545224					
CTC_freq	exploratory_unmasked	Dd2_C580Y-WT_interaction	1.5966667609995828					
CTA_freq	exploratory_unmasked	Dd2_WT	-0.9852578979094333	1.7137302579858673	0.27972027972027974	10194.0	-0.002331785307100852	0.45487223057316517
CTA_freq	exploratory_unmasked	Dd2_R539T	4.123766748106526	1.6308601039005717	0.001998001998001998	10198.0	0.07129471673055202	0.01022506904859846
CTA_freq	exploratory_unmasked	Dd2_C580Y	0.2514519571947765	1.4633808752593784	0.7252747252747253	10180.0	0.009366570589133212	0.808960270498732
CTA_freq	exploratory_unmasked	Dd2_R539T-WT_interaction	5.109024646015959					
CTA_freq	exploratory_unmasked	Dd2_C580Y-WT_interaction	1.2367098551042097					
CTG_freq	exploratory_unmasked	Dd2_WT	-1.5171871819791454	3.567899854696144	0.4175824175824176	10194.0	0.005933804436511615	0.5632507027855865
CTG_freq	exploratory_unmasked	Dd2_R539T	11.116873261547749	3.254066559605254	0.001998001998001998	10198.0	0.07981432384615675	0.01022506904859846
CTG_freq	exploratory_unmasked	Dd2_C580Y	0.43303842022022093	2.925362809889725	0.7632367632367633	10180.0	0.011049427951818342	0.8259376986649715
CTG_freq	exploratory_unmasked	Dd2_R539T-WT_interaction	12.634060443526895					
CTG_freq	exploratory_unmasked	Dd2_C580Y-WT_interaction	1.9502256021993662					
CCT_freq	exploratory_unmasked	Dd2_WT	0.7730522318070586	1.272030831973423	0.23776223776223776	10194.0	0.01829434852083693	0.40165659583135316
CCT_freq	exploratory_unmasked	Dd2_R539T	-0.24679482521047688	1.2147513687744689	0.6993006993006993	10198.0	-0.010441710642589117	0.7952831482243247
CCT_freq	exploratory_unmasked	Dd2_C580Y	0.5858936625679546	1.0794135943316177	0.30569430569430567	10180.0	0.020254623961687764	0.4791964791964791
CCT_freq	exploratory_unmasked	Dd2_R539T-WT_interaction	-1.0198470570175355					
CCT_freq	exploratory_unmasked	Dd2_C580Y-WT_interaction	-0.187158569239104					
CCC_freq	exploratory_unmasked	Dd2_WT	-0.07078004033223528	2.9487615725923346	0.8891108891108891	10194.0	-0.006365043600139861	0.9154159450017438
CCC_freq	exploratory_unmasked	Dd2_R539T	-2.6013155386132447	2.9917752340422408	0.10589410589410589	10198.0	-0.02676208265849673	0.2392931743581094
CCC_freq	exploratory_unmasked	Dd2_C580Y	-1.458378635805928	2.391132526090288	0.1998001998001998	10180.0	-0.018896554285116256	0.3547472935228037
CCC_freq	exploratory_unmasked	Dd2_R539T-WT_interaction	-2.5305354982810093					
CCC_freq	exploratory_unmasked	Dd2_C580Y-WT_interaction	-1.3875985954736927					
CCA_freq	exploratory_unmasked	Dd2_WT	-0.012844943142135109	1.0058773958537157	0.977022977022977	10194.0	0.006947286451838507	0.9826705086820694
CCA_freq	exploratory_unmasked	Dd2_R539T	-4.487546246481934	1.2107105220936702	0.001998001998001998	10198.0	-0.11075031595152773	0.01022506904859846
CCA_freq	exploratory_unmasked	Dd2_C580Y	-0.28890123252031535	0.9118215275122343	0.5054945054945055	10180.0	0.0034203322362987417	0.6467356173238527
CCA_freq	exploratory_unmasked	Dd2_R539T-WT_interaction	-4.474701303339798					
CCA_freq	exploratory_unmasked	Dd2_C580Y-WT_interaction	-0.2760562893781802					
CCG_freq	exploratory_unmasked	Dd2_WT	1.9813700339791418	4.596875489723738	0.4035964035964036	10194.0	0.02536158290974903	0.5618061938061939
CCG_freq	exploratory_unmasked	Dd2_R539T	5.580114436476322	3.97679407483193	0.017982017982017984	10198.0	0.002405603871365141	0.05688856597947507
CCG_freq	exploratory_unmasked	Dd2_C580Y	2.8244999476909576	3.8850249176094014	0.15984015984015984	10180.0	0.025603380781632486	0.302306389262911
CCG_freq	exploratory_unmasked	Dd2_R539T-WT_interaction	3.59874440249718					
CCG_freq	exploratory_unmasked	Dd2_C580Y-WT_interaction	0.8431299137118158					
CAT_freq	exploratory_unmasked	Dd2_WT	-0.6326116790539889	1.5266665312828764	0.4975024975024975	10194.0	0.025660263053716277	0.6460107057121982
CAT_freq	exploratory_unmasked	Dd2_R539T	-0.103860810835629	2.2322193318834236	1.000999000999001	10198.0	0.038683357185390954	1.0
CAT_freq	exploratory_unmasked	Dd2_C580Y	-1.1605510093024052	1.116222215960204	0.07392607392607392	10180.0	0.007552847952110853	0.181170941734322
CAT_freq	exploratory_unmasked	Dd2_R539T-WT_interaction	0.5287508682183598					
CAT_freq	exploratory_unmasked	Dd2_C580Y-WT_interaction	-0.5279393302484163					
CAC_freq	exploratory_unmasked	Dd2_WT	-5.256532724935331	3.811855378764048	0.03596403596403597	10194.0	-0.04854763521609144	0.10606342809732641
CAC_freq	exploratory_unmasked	Dd2_R539T	-8.91019325563725	3.9870185140411483	0.001998001998001998	10198.0	-0.037073055208016584	0.01022506904859846
CAC_freq	exploratory_unmasked	Dd2_C580Y	-5.658765702100899	2.303857865190031	0.001998001998001998	10180.0	-0.03837632744043691	0.01022506904859846
CAC_freq	exploratory_unmasked	Dd2_R539T-WT_interaction	-3.6536605307019183					
CAC_freq	exploratory_unmasked	Dd2_C580Y-WT_interaction	-0.4022329771655677					
CAA_freq	exploratory_unmasked	Dd2_WT	0.12094719261294432	0.6797103084276164	0.7592407592407593	10194.0	0.013235996835863824	0.8259376986649715
CAA_freq	exploratory_unmasked	Dd2_R539T	-0.39423844583031437	0.7175662123406581	0.32967032967032966	10198.0	-0.00917993807772211	0.4945054945054945
CAA_freq	exploratory_unmasked	Dd2_C580Y	-0.20668971409511155	0.655845167477182	0.5554445554445554	10180.0	-0.002196995122377862	0.675990675990676
CAA_freq	exploratory_unmasked	Dd2_R539T-WT_interaction	-0.5151856384432587					
CAA_freq	exploratory_unmasked	Dd2_C580Y-WT_interaction	-0.3276369067080559					
CAG_freq	exploratory_unmasked	Dd2_WT	1.984577936122931	2.5133956665370714	0.1258741258741259	10194.0	0.015521418145494882	0.2703962703962704
CAG_freq	exploratory_unmasked	Dd2_R539T	4.048292401102689	2.5143696402893236	0.003996003996003996	10198.0	0.033151979668852444	0.018297491981702507
CAG_freq	exploratory_unmasked	Dd2_C580Y	1.314970198371398	2.2201984857138877	0.2777222777222777	10180.0	-0.00016603191452131802	0.45487223057316517
CAG_freq	exploratory_unmasked	Dd2_R539T-WT_interaction	2.063714464979758					
CAG_freq	exploratory_unmasked	Dd2_C580Y-WT_interaction	-0.669607737751533					
CGT_freq	exploratory_unmasked	Dd2_WT	0.15614969039734375	2.377097794756807	0.949050949050949	10194.0	0.011829632796871527	0.9600864252027042
CGT_freq	exploratory_unmasked	Dd2_R539T	-3.735922787528553	2.753881833059947	0.00999000999000999	10198.0	-0.03475859208924236	0.035474729352280375
CGT_freq	exploratory_unmasked	Dd2_C580Y	1.3382180955829215	2.0162224463963447	0.2217782217782218	10180.0	0.02351263586776515	0.3820733721723821
CGT_freq	exploratory_unmasked	Dd2_R539T-WT_interaction	-3.892072477925897					
CGT_freq	exploratory_unmasked	Dd2_C580Y-WT_interaction	1.1820684051855777					
CGC_freq	exploratory_unmasked	Dd2_WT	-3.0541541070794884	6.619870393148552	0.34965034965034963	10194.0	-0.008694712113566148	0.50989010989011
CGC_freq	exploratory_unmasked	Dd2_R539T	-1.9900960016796223	7.043178605178563	0.5734265734265734	10198.0	-0.030724006872460446	0.683398792987834
CGC_freq	exploratory_unmasked	Dd2_C580Y	-3.472584346064811	5.877925433665092	0.26373626373626374	10180.0	-0.0035283255378280227	0.44125105663567205
CGC_freq	exploratory_unmasked	Dd2_R539T-WT_interaction	1.0640581053998661					
CGC_freq	exploratory_unmasked	Dd2_C580Y-WT_interaction	-0.4184302389853225					
CGA_freq	exploratory_unmasked	Dd2_WT	1.0770332939448923	2.310501195598804	0.34565434565434566	10194.0	0.02427635683513456	0.5096936961343741
CGA_freq	exploratory_unmasked	Dd2_R539T	4.022647660304367	2.3618525583557632	0.001998001998001998	10198.0	0.033051845554115326	0.01022506904859846
CGA_freq	exploratory_unmasked	Dd2_C580Y	0.9621590479051697	2.150673192399891	0.3276723276723277	10180.0	0.024034149711099746	0.4945054945054945
CGA_freq	exploratory_unmasked	Dd2_R539T-WT_interaction	2.9456143663594743					
CGA_freq	exploratory_unmasked	Dd2_C580Y-WT_interaction	-0.11487424603972263					
CGG_freq	exploratory_unmasked	Dd2_WT	2.089807617544875	7.618791116347381	0.5574425574425574	10194.0	0.0016833962903603427	0.675990675990676
CGG_freq	exploratory_unmasked	Dd2_R539T	6.617843702505006	8.223512216163632	0.11188811188811189	10198.0	0.0011118500505086966	0.249596557288865
CGG_freq	exploratory_unmasked	Dd2_C580Y	0.3199451777206718	6.971741175345075	0.9230769230769231	10180.0	0.0016296932560240518	0.9447963800904977
CGG_freq	exploratory_unmasked	Dd2_R539T-WT_interaction	4.528036084960131					
CGG_freq	exploratory_unmasked	Dd2_C580Y-WT_interaction	-1.7698624398242033					
ATC_freq	exploratory_unmasked	Dd2_WT	-2.471363209737128	1.8510941216112358	0.017982017982017984	10194.0	-0.043199000499727296	0.05688856597947507
ATC_freq	exploratory_unmasked	Dd2_R539T	-1.4614891775653434	1.8748315827539601	0.13586413586413587	10198.0	-0.0017816506964060703	0.27488790279487957
ATC_freq	exploratory_unmasked	Dd2_C580Y	-1.576119653496998	1.5524214912256071	0.04195804195804196	10180.0	-0.02894779789908567	0.11775321452740808
ATC_freq	exploratory_unmasked	Dd2_R539T-WT_interaction	1.0098740321717845					
ATC_freq	exploratory_unmasked	Dd2_C580Y-WT_interaction	0.89524355624013					
ATA_freq	exploratory_unmasked	Dd2_WT	-0.3794294651227367	0.531060340506799	0.15184815184815184	10194.0	-0.02132080583419685	0.2968716676581845
ATA_freq	exploratory_unmasked	Dd2_R539T	2.570480837901017	0.5309521148610405	0.001998001998001998	10198.0	0.12372080149541782	0.01022506904859846
ATA_freq	exploratory_unmasked	Dd2_C580Y	-0.15108990092779953	0.4644218539332481	0.48151848151848153	10180.0	-0.015429372141340665	0.6299565096557578
ATA_freq	exploratory_unmasked	Dd2_R539T-WT_interaction	2.9499103030237537					
ATA_freq	exploratory_unmasked	Dd2_C580Y-WT_interaction	0.22833956419493714					
ATG_freq	exploratory_unmasked	Dd2_WT	1.3604002948712546	0.9142488730509515	0.007992007992007992	10194.0	0.016730763771541948	0.030902430902430902
ATG_freq	exploratory_unmasked	Dd2_R539T	0.25243864109954367	0.8788992051403832	0.5394605394605395	10198.0	-0.009140304918468517	0.6752959270944884
ATG_freq	exploratory_unmasked	Dd2_C580Y	0.8316912068970603	0.7795011722688533	0.05194805194805195	10180.0	0.010514352653513111	0.14347557204700062
ATG_freq	exploratory_unmasked	Dd2_R539T-WT_interaction	-1.107961653771711					
ATG_freq	exploratory_unmasked	Dd2_C580Y-WT_interaction	-0.5287090879741942					
ACT_freq	exploratory_unmasked	Dd2_WT	0.16036576925611498	1.301251495648784	0.8551448551448552	10194.0	0.003828746375952246	0.8856857428286
ACT_freq	exploratory_unmasked	Dd2_R539T	-2.5256134728180575	1.2095048277467366	0.001998001998001998	10198.0	-0.05243112414211006	0.01022506904859846
ACT_freq	exploratory_unmasked	Dd2_C580Y	0.16026432965326676	1.0496382462785514	0.7612387612387612	10180.0	0.02277637521375241	0.8259376986649715
ACT_freq	exploratory_unmasked	Dd2_R539T-WT_interaction	-2.6859792420741724					
ACT_freq	exploratory_unmasked	Dd2_C580Y-WT_interaction	-0.00010143960284822451					
ACC_freq	exploratory_unmasked	Dd2_WT	-1.8618083467166773	2.10623494892625	0.07192807192807193	10194.0	-0.02201557025205758	0.181170941734322
ACC_freq	exploratory_unmasked	Dd2_R539T	-6.527552263761703	2.096336216220254	0.001998001998001998	10198.0	-0.05993653191672724	0.01022506904859846
ACC_freq	exploratory_unmasked	Dd2_C580Y	-0.8513254448455286	1.7032010781264657	0.36163836163836166	10180.0	-0.007296989176560217	0.5157793026645486
ACC_freq	exploratory_unmasked	Dd2_R539T-WT_interaction	-4.665743917045026					
ACC_freq	exploratory_unmasked	Dd2_C580Y-WT_interaction	1.0104829018711485					
ACA_freq	exploratory_unmasked	Dd2_WT	0.2806459391971134	0.8666622630143528	0.5174825174825175	10194.0	0.015249083592614898	0.6572405696493288
ACA_freq	exploratory_unmasked	Dd2_R539T	0.048519036875028225	0.871652778174145	0.9430569430569431	10198.0	-0.012082513690284874	0.9596018017070649
ACA_freq	exploratory_unmasked	Dd2_C580Y	0.7346633597865468	0.7540075607107252	0.055944055944055944	10180.0	0.024094963833841482	0.149757934373319
ACA_freq	exploratory_unmasked	Dd2_R539T-WT_interaction	-0.23212690232208516					
ACA_freq	exploratory_unmasked	Dd2_C580Y-WT_interaction	0.45401742058943345					
ACG_freq	exploratory_unmasked	Dd2_WT	-0.363541475436467	2.3632806817709557	0.7692307692307693	10194.0	-0.0012853474290893145	0.8259376986649715
ACG_freq	exploratory_unmasked	Dd2_R539T	0.47581008481294335	2.284811039794148	0.7092907092907093	10198.0	-0.005587533313102675	0.8014063858219702
ACG_freq	exploratory_unmasked	Dd2_C580Y	0.6285858583708351	2.1394974520408807	0.5534465534465535	10180.0	0.005986358396087417	0.675990675990676
ACG_freq	exploratory_unmasked	Dd2_R539T-WT_interaction	0.8393515602494104					
ACG_freq	exploratory_unmasked	Dd2_C580Y-WT_interaction	0.9921273338073021					
AAT_freq	exploratory_unmasked	Dd2_WT	0.5596077807412585	0.177840214120946	0.001998001998001998	10194.0	0.0938646425181059	0.01022506904859846
AAT_freq	exploratory_unmasked	Dd2_R539T	0.8431469386590584	0.18240918044370202	0.001998001998001998	10198.0	0.0975622001377642	0.01022506904859846
AAT_freq	exploratory_unmasked	Dd2_C580Y	0.3716030167991085	0.15703637662735265	0.001998001998001998	10180.0	0.060736744488149315	0.01022506904859846
AAT_freq	exploratory_unmasked	Dd2_R539T-WT_interaction	0.28353915791779993					
AAT_freq	exploratory_unmasked	Dd2_C580Y-WT_interaction	-0.18800476394215					
AAC_freq	exploratory_unmasked	Dd2_WT	0.6896274394512993	0.848279351106845	0.11988011988011989	10194.0	-0.010152730919326464	0.2640397577106438
AAC_freq	exploratory_unmasked	Dd2_R539T	0.7506039588676175	0.8100734575811949	0.08391608391608392	10198.0	0.031576870617935765	0.1946853146853147
AAC_freq	exploratory_unmasked	Dd2_C580Y	0.516314164385918	0.7251811237359551	0.17582417582417584	10180.0	-0.009746119207253429	0.32546177227028295
AAC_freq	exploratory_unmasked	Dd2_R539T-WT_interaction	0.06097651941631821					
AAC_freq	exploratory_unmasked	Dd2_C580Y-WT_interaction	-0.1733132750653813					
AGT_freq	exploratory_unmasked	Dd2_WT	2.372033857423437	1.0062686715644515	0.001998001998001998	10194.0	0.06819619063134794	0.01022506904859846
AGT_freq	exploratory_unmasked	Dd2_R539T	0.7826239618271238	0.891160023765425	0.07992007992007992	10198.0	-0.013709456981246171	0.19049443706977953
AGT_freq	exploratory_unmasked	Dd2_C580Y	1.7713555417369173	0.7656922839755256	0.001998001998001998	10180.0	0.04890442268291519	0.01022506904859846
AGT_freq	exploratory_unmasked	Dd2_R539T-WT_interaction	-1.5894098955963134					
AGT_freq	exploratory_unmasked	Dd2_C580Y-WT_interaction	-0.6006783156865199					
AGC_freq	exploratory_unmasked	Dd2_WT	2.706321018067977	2.643085225392213	0.03796203796203796	10194.0	0.008024446980401898	0.11008991008991008
AGC_freq	exploratory_unmasked	Dd2_R539T	0.76558697164588	2.5128995355596397	0.5794205794205795	10198.0	0.006474396459206082	0.6858447674774206
AGC_freq	exploratory_unmasked	Dd2_C580Y	1.5576330206424442	1.949199612392401	0.14385614385614387	10180.0	0.0073732839595516565	0.28444282989737535
AGC_freq	exploratory_unmasked	Dd2_R539T-WT_interaction	-1.9407340464220968					
AGC_freq	exploratory_unmasked	Dd2_C580Y-WT_interaction	-1.1486879974255326					
AGA_freq	exploratory_unmasked	Dd2_WT	-0.4462961549831044	0.6241465295709306	0.16583416583416583	10194.0	0.004575284328821829	0.3102703747865038
AGA_freq	exploratory_unmasked	Dd2_R539T	-2.316692271963957	0.8124034562051635	0.001998001998001998	10198.0	-0.02897837029066434	0.01022506904859846
AGA_freq	exploratory_unmasked	Dd2_C580Y	-0.2839482031630281	0.5550628869953809	0.32367632367632365	10180.0	0.002821607788844804	0.4940322835059677
AGA_freq	exploratory_unmasked	Dd2_R539T-WT_interaction	-1.8703961169808525					
AGA_freq	exploratory_unmasked	Dd2_C580Y-WT_interaction	0.16234795182007628					
AGG_freq	exploratory_unmasked	Dd2_WT	1.3602617996930944	2.1373908410391103	0.2217782217782218	10194.0	0.0048434574581035	0.3820733721723821
AGG_freq	exploratory_unmasked	Dd2_R539T	1.6212147918642017	2.0350240490892375	0.13186813186813187	10198.0	0.04496664907256821	0.2731554160125589
AGG_freq	exploratory_unmasked	Dd2_C580Y	1.1332479128769493	1.8061985712157798	0.21178821178821178	10180.0	0.008077081687364419	0.3722338267792813
AGG_freq	exploratory_unmasked	Dd2_R539T-WT_interaction	0.26095299217110735					
AGG_freq	exploratory_unmasked	Dd2_C580Y-WT_interaction	-0.2270138868161451					
GTT_freq	exploratory_unmasked	Dd2_WT	-1.4766370381949034	0.8942289366312707	0.003996003996003996	10194.0	-0.029752374472062908	0.018297491981702507
GTT_freq	exploratory_unmasked	Dd2_R539T	-5.096175419604063	0.9571601012782609	0.001998001998001998	10198.0	-0.12102385374521035	0.01022506904859846
GTT_freq	exploratory_unmasked	Dd2_C580Y	-1.905244897856564	0.6886215563678841	0.001998001998001998	10180.0	-0.02942232584775282	0.01022506904859846
GTT_freq	exploratory_unmasked	Dd2_R539T-WT_interaction	-3.6195383814091597					
GTT_freq	exploratory_unmasked	Dd2_C580Y-WT_interaction	-0.4286078596616605					
GTC_freq	exploratory_unmasked	Dd2_WT	-4.296848038678545	2.5379341450058512	0.001998001998001998	10194.0	-0.0203971593746602	0.01022506904859846
GTC_freq	exploratory_unmasked	Dd2_R539T	-5.4194044690099	2.854650086096777	0.001998001998001998	10198.0	-0.02628790176523936	0.01022506904859846
GTC_freq	exploratory_unmasked	Dd2_C580Y	-2.533185383736801	2.169173062227041	0.023976023976023976	10180.0	-0.007795051512392319	0.07318996792681003
GTC_freq	exploratory_unmasked	Dd2_R539T-WT_interaction	-1.1225564303313558					
GTC_freq	exploratory_unmasked	Dd2_C580Y-WT_interaction	1.7636626549417436					
GTA_freq	exploratory_unmasked	Dd2_WT	-0.6996105606618348	0.9712334009490426	0.15984015984015984	10194.0	-0.009137614957663869	0.302306389262911
GTA_freq	exploratory_unmasked	Dd2_R539T	-3.9797384200232435	1.042177119729268	0.001998001998001998	10198.0	-0.1025424135679447	0.01022506904859846
GTA_freq	exploratory_unmasked	Dd2_C580Y	-1.0290489550836353	0.892982495775632	0.03196803196803197	10180.0	-0.008625669553997885	0.0959040959040959
GTA_freq	exploratory_unmasked	Dd2_R539T-WT_interaction	-3.280127859361409					
GTA_freq	exploratory_unmasked	Dd2_C580Y-WT_interaction	-0.32943839442180045					
GTG_freq	exploratory_unmasked	Dd2_WT	0.7304934394516315	2.2484919230006897	0.5574425574425574	10194.0	-0.02031219952923289	0.675990675990676
GTG_freq	exploratory_unmasked	Dd2_R539T	0.5364668889725218	2.112557926699419	0.6513486513486514	10198.0	-0.02251930701419285	0.7479099847520899
GTG_freq	exploratory_unmasked	Dd2_C580Y	0.8070763593185193	2.0153105096132116	0.4775224775224775	10180.0	-0.009374068981432108	0.6294614476432658
GTG_freq	exploratory_unmasked	Dd2_R539T-WT_interaction	-0.19402655047910966					
GTG_freq	exploratory_unmasked	Dd2_C580Y-WT_interaction	0.07658291986688781					
GCT_freq	exploratory_unmasked	Dd2_WT	-2.0988399913052733	0.9370423037857161	0.001998001998001998	10194.0	-0.03686938543072355	0.01022506904859846
GCT_freq	exploratory_unmasked	Dd2_R539T	-5.644828659157972	1.0959787226131867	0.001998001998001998	10198.0	-0.14717189359692495	0.01022506904859846
GCT_freq	exploratory_unmasked	Dd2_C580Y	-1.5770797352091317	0.7964984920968656	0.001998001998001998	10180.0	-0.020571645634683413	0.01022506904859846
GCT_freq	exploratory_unmasked	Dd2_R539T-WT_interaction	-3.545988667852699					
GCT_freq	exploratory_unmasked	Dd2_C580Y-WT_interaction	0.5217602560961416					
GCC_freq	exploratory_unmasked	Dd2_WT	-6.298108477867244	2.473136579767848	0.001998001998001998	10194.0	-0.03996202671456353	0.01022506904859846
GCC_freq	exploratory_unmasked	Dd2_R539T	-12.611570430914849	2.8924610459119506	0.001998001998001998	10198.0	-0.11166776413022891	0.01022506904859846
GCC_freq	exploratory_unmasked	Dd2_C580Y	-5.121450977441777	2.011104754769632	0.001998001998001998	10180.0	-0.0262332461881189	0.01022506904859846
GCC_freq	exploratory_unmasked	Dd2_R539T-WT_interaction	-6.3134619530476055					
GCC_freq	exploratory_unmasked	Dd2_C580Y-WT_interaction	1.176657500425467					
GCA_freq	exploratory_unmasked	Dd2_WT	-1.0434901699279164	1.2009075583373048	0.07992007992007992	10194.0	-0.0008006261321063215	0.19049443706977953
GCA_freq	exploratory_unmasked	Dd2_R539T	-4.956279335631415	1.3649172544600936	0.001998001998001998	10198.0	-0.11551032945933293	0.01022506904859846
GCA_freq	exploratory_unmasked	Dd2_C580Y	-0.7225045163450267	0.987576157631616	0.15984015984015984	10180.0	0.008095916749570524	0.302306389262911
GCA_freq	exploratory_unmasked	Dd2_R539T-WT_interaction	-3.912789165703499					
GCA_freq	exploratory_unmasked	Dd2_C580Y-WT_interaction	0.3209856535828898					
GCG_freq	exploratory_unmasked	Dd2_WT	3.397549385743695	3.4303446020988377	0.061938061938061936	10194.0	0.023061052466123767	0.1608540713018325
GCG_freq	exploratory_unmasked	Dd2_R539T	3.6083238121181327	3.4085303509029132	0.04195804195804196	10198.0	-0.0007766732941243659	0.11775321452740808
GCG_freq	exploratory_unmasked	Dd2_C580Y	4.905700254539067	3.111207889823271	0.005994005994005994	10180.0	0.0347076044282941	0.025437976657488853
GCG_freq	exploratory_unmasked	Dd2_R539T-WT_interaction	0.21077442637443777					
GCG_freq	exploratory_unmasked	Dd2_C580Y-WT_interaction	1.5081508687953717					
GAT_freq	exploratory_unmasked	Dd2_WT	0.8321104487722472	0.437891592743474	0.001998001998001998	10194.0	0.08882643426316528	0.01022506904859846
GAT_freq	exploratory_unmasked	Dd2_R539T	0.11199872663947553	0.41422733389494404	0.6013986013986014	10198.0	0.0036123450903665436	0.7023044070023936
GAT_freq	exploratory_unmasked	Dd2_C580Y	0.5621183456040411	0.3433774408612963	0.003996003996003996	10180.0	0.06546876325881228	0.018297491981702507
GAT_freq	exploratory_unmasked	Dd2_R539T-WT_interaction	-0.7201117221327716					
GAT_freq	exploratory_unmasked	Dd2_C580Y-WT_interaction	-0.2699921031682061					
GAC_freq	exploratory_unmasked	Dd2_WT	0.653525679953925	1.4580810768439751	0.4155844155844156	10194.0	-0.011111812169149912	0.5632507027855865
GAC_freq	exploratory_unmasked	Dd2_R539T	1.7134150361794915	1.4241438475302348	0.015984015984015984	10198.0	0.026547873336082706	0.05348497656189964
GAC_freq	exploratory_unmasked	Dd2_C580Y	1.0040284446189107	1.2797235926439288	0.12987012987012986	10180.0	-0.0067486576343125364	0.2731554160125589
GAC_freq	exploratory_unmasked	Dd2_R539T-WT_interaction	1.0598893562255665					
GAC_freq	exploratory_unmasked	Dd2_C580Y-WT_interaction	0.35050276466498576					
GAA_freq	exploratory_unmasked	Dd2_WT	0.4418608097023766	0.366898903891142	0.017982017982017984	10194.0	0.05312714654405796	0.05688856597947507
GAA_freq	exploratory_unmasked	Dd2_R539T	0.5135328584259377	0.37033649945156066	0.00999000999000999	10198.0	0.03967161407449302	0.035474729352280375
GAA_freq	exploratory_unmasked	Dd2_C580Y	0.4831861061346947	0.314350548632934	0.005994005994005994	10180.0	0.04433818042695089	0.025437976657488853
GAA_freq	exploratory_unmasked	Dd2_R539T-WT_interaction	0.07167204872356103					
GAA_freq	exploratory_unmasked	Dd2_C580Y-WT_interaction	0.04132529643231808					
GAG_freq	exploratory_unmasked	Dd2_WT	1.9818432166787416	1.3249152581066745	0.003996003996003996	10194.0	0.029941903660591657	0.018297491981702507
GAG_freq	exploratory_unmasked	Dd2_R539T	2.546462846426215	1.3486452886414737	0.001998001998001998	10198.0	0.042372199524352144	0.01022506904859846
GAG_freq	exploratory_unmasked	Dd2_C580Y	1.4727159644332042	1.18077350095494	0.00999000999000999	10180.0	0.014443409438839339	0.035474729352280375
GAG_freq	exploratory_unmasked	Dd2_R539T-WT_interaction	0.5646196297474733					
GAG_freq	exploratory_unmasked	Dd2_C580Y-WT_interaction	-0.5091272522455375					
GGT_freq	exploratory_unmasked	Dd2_WT	-0.4370996337171963	0.8884342367514615	0.2857142857142857	10194.0	0.014310404043291673	0.46031746031746024
GGT_freq	exploratory_unmasked	Dd2_R539T	-5.767987166662548	0.9153556860772181	0.001998001998001998	10198.0	-0.14923836791771275	0.01022506904859846
GGT_freq	exploratory_unmasked	Dd2_C580Y	-0.3053360898185211	0.7649157916451084	0.3756243756243756	10180.0	0.01808543546592873	0.5313710679564339
GGT_freq	exploratory_unmasked	Dd2_R539T-WT_interaction	-5.3308875329453524					
GGT_freq	exploratory_unmasked	Dd2_C580Y-WT_interaction	0.13176354389867517					
GGC_freq	exploratory_unmasked	Dd2_WT	-2.6255437365627827	3.2871663591839604	0.1258741258741259	10194.0	-0.005703837660430233	0.2703962703962704
GGC_freq	exploratory_unmasked	Dd2_R539T	-1.4805965844312938	3.3726523935760593	0.37962037962037964	10198.0	-0.02517696151983909	0.5326931133382747
GGC_freq	exploratory_unmasked	Dd2_C580Y	-1.0384072256270775	3.056382406396667	0.46553446553446554	10180.0	0.0007760775197627303	0.6183434885724962
GGC_freq	exploratory_unmasked	Dd2_R539T-WT_interaction	1.144947152131489					
GGC_freq	exploratory_unmasked	Dd2_C580Y-WT_interaction	1.5871365109357052					
GGA_freq	exploratory_unmasked	Dd2_WT	-0.46562115022574024	0.8312464892718668	0.2997002997002997	10194.0	-0.004146990827915759	0.47407138316229225
GGA_freq	exploratory_unmasked	Dd2_R539T	-4.6275109610649805	0.8796127326163701	0.001998001998001998	10198.0	-0.12550841519288153	0.01022506904859846
GGA_freq	exploratory_unmasked	Dd2_C580Y	-0.48935084207518914	0.7072308424921886	0.1918081918081918	10180.0	-6.914667431889493e-05	0.34406830283118944
GGA_freq	exploratory_unmasked	Dd2_R539T-WT_interaction	-4.161889810839241					
GGA_freq	exploratory_unmasked	Dd2_C580Y-WT_interaction	-0.023729691849448897					
GGG_freq	exploratory_unmasked	Dd2_WT	2.0827690867804103	2.5715330194915285	0.13186813186813187	10194.0	0.026036230449079514	0.2731554160125589
GGG_freq	exploratory_unmasked	Dd2_R539T	3.3236222423784922	2.3122993308531656	0.011988011988011988	10198.0	0.02148653921675609	0.041718281718281715
GGG_freq	exploratory_unmasked	Dd2_C580Y	1.4853734020170006	2.2665503492272157	0.1918081918081918	10180.0	0.01847453240714957	0.34406830283118944
GGG_freq	exploratory_unmasked	Dd2_R539T-WT_interaction	1.240853155598082					
GGG_freq	exploratory_unmasked	Dd2_C580Y-WT_interaction	-0.5973956847634097					
